snapshot_date,total_value_pln,cash_pln,invested_pln,open_positions,exposure_pct
2020-01-01,1000000.0,1000000.0,0.0,0,0.0
2020-01-02,1000000.0,1000000.0,0.0,0,0.0
2020-01-03,999775.0,849775.01,149999.99,5,15.003374759320845
2020-01-06,999057.13,759084.13,239973.0,8,24.019947688076655
2020-01-07,998742.43,548967.47,449774.96,15,45.03412957032375
2020-01-08,1001647.32,551903.35,449743.97,15,44.900431620982125
2020-01-09,1001467.03,431525.39,569941.64,19,56.910674333432624
2020-01-10,1003034.23,432976.3,570057.93,19,56.83334755185774
2020-01-13,1002943.96,372703.98,630239.98,21,62.839002490228864
2020-01-14,1009483.88,379207.71,630276.17,21,62.4354863398116
2020-01-15,1009347.6,288217.85,721129.75,24,71.44513446111131
2020-01-16,1007246.7,316401.46,690845.24,23,68.58749102876187
2020-01-17,1015768.7,414677.77,601090.93,20,59.175964961314534
2020-01-20,1015768.7,414677.77,601090.93,20,59.175964961314534
2020-01-21,1015867.34,442924.05,572943.29,19,56.39942022351069
2020-01-22,1023701.74,570383.66,453318.08,15,44.282241817816974
2020-01-23,1021851.56,597599.07,424252.49,14,41.51801559122736
2020-01-24,1023247.43,689566.83,333680.6,11,32.60996218676063
2020-01-27,1016639.4,924757.92,91881.47,3,9.037764029212324
2020-01-28,1016319.16,710943.39,305375.76,10,30.04723043891055
2020-01-29,1015514.29,374753.19,640761.09,21,63.09720072969135
2020-01-30,1018059.44,408033.52,610025.93,20,59.92046299379141
2020-01-31,1012030.52,371471.47,640559.04,21,63.29443898589145
2020-02-03,1007933.49,398080.67,609852.82,20,60.505264092375775
2020-02-04,1010842.37,371012.74,639829.63,21,63.29667700810761
2020-02-05,1009779.59,309515.93,700263.67,23,69.34817032695226
2020-02-06,1009688.71,248838.26,760850.45,25,75.35495271607027
2020-02-07,1007799.51,277482.83,730316.67,24,72.46646408867574
2020-02-10,1008811.92,339526.61,669285.31,22,66.3439137396394
2020-02-11,1012528.31,404711.06,607817.25,20,60.029654874538764
2020-02-12,1024497.23,538783.28,485713.95,16,47.409981772229884
2020-02-13,1024358.92,446440.23,577918.69,19,56.41759726170979
2020-02-14,1027976.05,479754.7,548221.35,18,53.330167565674316
2020-02-17,1027976.05,479754.7,548221.35,18,53.330167565674316
2020-02-18,1029533.59,541925.52,487608.06,16,47.36203507454284
2020-02-19,1033943.96,606765.15,427178.81,14,41.315470327811575
2020-02-20,1034796.73,574488.57,460308.16,15,44.482954637864
2020-02-21,1028411.07,473326.11,555084.96,18,53.97500826201724
2020-02-24,1003422.76,817998.61,185424.16,6,18.47916624892981
2020-02-25,990422.21,839908.81,150513.4,5,15.196892646419954
2020-02-26,987895.04,481219.65,506675.4,17,51.28838383478471
2020-02-27,964091.2,845316.33,118774.86,4,12.319878036434728
2020-02-28,953685.8,635535.7,318150.1,11,33.360054223309184
2020-03-02,970710.19,797485.98,173224.21,6,17.845100606186076
2020-03-03,980341.7,951731.15,28610.55,1,2.9184262997279418
2020-03-04,983111.44,953701.19,29410.24,1,2.991546919645244
2020-03-05,982846.0,776475.68,206370.31,7,20.99721726496318
2020-03-06,982732.06,805771.99,176960.07,6,18.00694993099136
2020-03-09,967657.56,938175.58,29481.98,1,3.046736905563989
2020-03-10,967657.56,938175.58,29481.98,1,3.046736905563989
2020-03-11,967657.56,938175.58,29481.98,1,3.046736905563989
2020-03-12,966903.85,966903.85,0.0,0,0.0
2020-03-13,966903.85,966903.85,0.0,0,0.0
2020-03-16,966860.34,937853.23,29007.11,1,3.0001344351346546
2020-03-17,966918.25,966918.25,0.0,0,0.0
2020-03-18,966874.74,937867.17,29007.57,1,3.000137329060846
2020-03-19,966932.64,966932.64,0.0,0,0.0
2020-03-20,966932.64,966932.64,0.0,0,0.0
2020-03-23,966932.64,966932.64,0.0,0,0.0
2020-03-24,966932.64,966932.64,0.0,0,0.0
2020-03-25,966932.64,966932.64,0.0,0,0.0
2020-03-26,966932.64,966932.64,0.0,0,0.0
2020-03-27,966932.64,966932.64,0.0,0,0.0
2020-03-30,966932.64,966932.64,0.0,0,0.0
2020-03-31,966932.64,966932.64,0.0,0,0.0
2020-04-01,966932.64,966932.64,0.0,0,0.0
2020-04-02,966932.64,966932.64,0.0,0,0.0
2020-04-03,966932.64,966932.64,0.0,0,0.0
2020-04-06,966932.64,966932.64,0.0,0,0.0
2020-04-07,966932.64,966932.64,0.0,0,0.0
2020-04-08,966932.64,966932.64,0.0,0,0.0
2020-04-09,966932.64,966932.64,0.0,0,0.0
2020-04-10,966932.64,966932.64,0.0,0,0.0
2020-04-13,966932.64,966932.64,0.0,0,0.0
2020-04-14,966932.64,966932.64,0.0,0,0.0
2020-04-15,966845.62,908829.69,58015.93,2,6.000537086779169
2020-04-16,966845.62,908829.69,58015.93,2,6.000537086779169
2020-04-17,967975.75,938967.8,29007.94,1,2.996763090397667
2020-04-20,967975.75,938967.8,29007.94,1,2.996763090397667
2020-04-21,968889.28,968889.28,0.0,0,0.0
2020-04-22,968889.28,968889.28,0.0,0,0.0
2020-04-23,968889.28,968889.28,0.0,0,0.0
2020-04-24,968889.28,968889.28,0.0,0,0.0
2020-04-27,968889.28,968889.28,0.0,0,0.0
2020-04-28,968889.28,968889.28,0.0,0,0.0
2020-04-29,968889.28,968889.28,0.0,0,0.0
2020-04-30,968889.28,968889.28,0.0,0,0.0
2020-05-01,968469.01,968469.01,0.0,0,0.0
2020-05-04,968425.43,939371.38,29054.05,1,3.0001329064644655
2020-05-05,968425.43,939371.38,29054.05,1,3.0001329064644655
2020-05-06,968425.43,939371.38,29054.05,1,3.0001329064644655
2020-05-07,968425.43,939371.38,29054.05,1,3.0001329064644655
2020-05-08,968425.43,939371.38,29054.05,1,3.0001329064644655
2020-05-11,968425.43,939371.38,29054.05,1,3.0001329064644655
2020-05-12,968425.43,939371.38,29054.05,1,3.0001329064644655
2020-05-13,968425.43,939371.38,29054.05,1,3.0001329064644655
2020-05-14,968294.69,852082.35,116212.34,4,12.001753309212097
2020-05-15,968207.55,793897.52,174310.03,6,18.00337437980111
2020-05-18,973505.72,857298.59,116207.13,4,11.936974545973907
2020-05-19,973461.91,828049.6,145412.31,5,14.937647637389325
2020-05-20,976319.25,859959.7,116359.55,4,11.918186597263139
2020-05-21,976275.32,830626.15,145649.17,5,14.918862232428454
2020-05-22,976782.71,830894.09,145888.62,5,14.935626778242215
2020-05-25,976782.71,830894.09,145888.62,5,14.935626778242215
2020-05-26,976782.71,830894.09,145888.62,5,14.935626778242215
2020-05-27,976894.04,830739.55,146154.5,5,14.961141537929743
2020-05-28,976806.12,772038.0,204768.12,7,20.963025907331538
2020-05-29,977623.75,801907.69,175716.06,6,17.973792064687462
2020-06-01,977579.76,772534.99,205044.77,7,20.97473560622818
2020-06-02,977579.76,772534.99,205044.77,7,20.97473560622818
2020-06-03,980019.19,804179.59,175839.6,6,17.94246498377241
2020-06-04,979794.38,803857.7,175936.68,6,17.95649001375166
2020-06-05,982239.95,835592.9,146647.06,5,14.929861079260725
2020-06-08,982239.95,835592.9,146647.06,5,14.929861079260725
2020-06-09,982239.95,835592.9,146647.06,5,14.929861079260725
2020-06-10,985122.28,867782.03,117340.25,4,11.911237049678746
2020-06-11,981901.55,864161.28,117740.26,4,11.991045334432968
2020-06-12,978799.25,919916.81,58882.44,2,6.0157831138509765
2020-06-15,977986.92,860341.27,117645.65,4,12.029368450040211
2020-06-16,977986.92,860341.27,117645.65,4,12.029368450040211
2020-06-17,977986.92,860341.27,117645.65,4,12.029368450040211
2020-06-18,977986.92,860341.27,117645.65,4,12.029368450040211
2020-06-19,977942.91,830957.65,146985.26,5,15.03004505651562
2020-06-22,981212.13,775601.63,205610.5,7,20.954745025420753
2020-06-23,984100.08,807853.56,176246.52,6,17.909410189256363
2020-06-24,984070.08,778115.89,205954.19,7,20.928813321913008
2020-06-25,986181.07,809780.61,176400.46,6,17.887228356553226
2020-06-26,986239.63,839177.49,147062.15,5,14.911401400489249
2020-06-29,986017.73,691019.7,294998.03,10,29.918126320101774
2020-06-30,985973.36,661394.78,324578.58,11,32.919609511559216
2020-07-01,985884.62,602147.65,383736.97,13,38.923111509742384
2020-07-02,985884.62,602147.65,383736.97,13,38.923111509742384
2020-07-03,985884.62,602147.65,383736.97,13,38.923111509742384
2020-07-06,992945.68,697658.51,295287.17,10,29.73850190878518
2020-07-07,995916.69,669940.93,325975.76,11,32.731227749582146
2020-07-08,995827.06,610096.3,385730.76,13,38.734713635919874
2020-07-09,1000308.15,673399.94,326908.21,11,32.68075042675599
2020-07-10,1003231.44,705481.73,297749.71,10,29.67906488257585
2020-07-13,1004920.36,736229.7,268690.66,9,26.737507835944328
2020-07-14,1000315.21,700138.14,300177.07,10,30.008248100116365
2020-07-15,1000180.17,609974.74,390205.43,13,39.0135139351943
2020-07-16,999621.17,548978.76,450642.41,15,45.08131915613591
2020-07-17,1005489.32,614512.81,390976.51,13,38.88420316587749
2020-07-20,1005444.07,584302.88,421141.19,14,41.88608820379238
2020-07-21,1005968.3,584669.18,421299.13,14,41.87996082977962
2020-07-22,1006028.49,614876.95,391151.54,13,38.8807617167979
2020-07-23,1006718.05,705729.03,300989.02,10,29.898045435859622
2020-07-24,1006865.75,826499.96,180365.79,6,17.91358877784849
2020-07-27,1008473.9,858096.04,150377.86,5,14.911428049848388
2020-07-28,1006927.1,765680.02,241247.08,8,23.958743388672328
2020-07-29,1007750.0,826521.8,181228.21,6,17.983449268171668
2020-07-30,1005951.54,824517.9,181433.63,6,18.036020900171792
2020-07-31,1005725.2,673398.82,332326.38,11,33.04345759656813
2020-08-03,1005634.68,612964.76,392669.92,13,39.046974792078565
2020-08-04,1005453.67,492107.62,513346.05,17,51.056161543475184
2020-08-05,1004322.12,460881.36,543440.76,18,54.11020519990141
2020-08-06,1004246.89,400649.61,603597.27,20,60.10446992770871
2020-08-07,1007757.06,434509.56,573247.5,19,56.88350126765671
2020-08-10,1011139.22,588878.06,422261.17,14,41.76093278233239
2020-08-11,1012265.02,559424.61,452840.41,15,44.73536090380758
2020-08-12,1009288.39,465105.82,544182.56,18,53.91744969938672
2020-08-13,1009106.72,343809.47,665297.25,22,65.9293250965567
2020-08-14,1009230.66,374017.26,635213.4,21,62.94035894628885
2020-08-17,1009240.97,373922.41,635318.56,21,62.95013568464229
2020-08-18,1011729.45,436748.94,574980.52,19,56.83145034475373
2020-08-19,1009679.33,494952.8,514726.53,17,50.97920841857781
2020-08-20,1010289.06,555808.41,454480.65,15,44.98520948054213
2020-08-21,1015300.77,621134.2,394166.57,13,38.82264070379854
2020-08-24,1015300.77,621134.2,394166.57,13,38.82264070379854
2020-08-25,1020479.4,595293.4,425185.99,14,41.66531828080018
2020-08-26,1023387.33,688969.57,334417.76,11,32.677535689248764
2020-08-27,1024454.83,688779.96,335674.87,11,32.766195265046484
2020-08-28,1027465.67,722217.83,305247.84,10,29.708811584916507
2020-08-31,1030358.3,693814.39,336543.92,11,32.662804773834495
2020-09-01,1028918.01,599641.86,429276.15,14,41.721123143718714
2020-09-02,1031831.56,509544.23,522287.33,17,50.617499042188626
2020-09-03,1023211.96,684477.41,338734.54,11,33.10502156366507
2020-09-04,1004418.8,850616.94,153801.86,5,15.312523023264795
2020-09-07,1004418.8,850616.94,153801.86,5,15.312523023264795
2020-09-08,1002315.56,729282.13,273033.43,9,27.240266528437406
2020-09-09,1001231.64,698518.32,302713.32,10,30.234094479874805
2020-09-10,1004165.14,552376.26,451788.88,15,44.991492136442815
2020-09-11,1003112.05,582154.81,420957.24,14,41.96512642829881
2020-09-14,1003112.05,582154.81,420957.24,14,41.96512642829881
2020-09-15,1002976.63,491739.31,511237.32,17,50.972007194225455
2020-09-16,1003397.87,492140.71,511257.17,17,50.95258673411376
2020-09-17,1001914.0,550817.78,451096.22,15,45.0234471222081
2020-09-18,997930.07,607035.29,390894.78,13,39.17055831377043
2020-09-21,987639.97,627485.86,360154.11,12,36.466133504094614
2020-09-22,985663.57,685793.01,299870.57,10,30.423217325562717
2020-09-23,988373.25,719104.21,269269.04,9,27.24365921477539
2020-09-24,985013.7,805756.45,179257.25,6,18.198452468224556
2020-09-25,983877.7,716543.82,267333.88,9,27.17145433827802
2020-09-28,983833.43,686983.22,296850.21,10,30.172811875278523
2020-09-29,983789.15,657423.92,326365.24,11,33.17430772640662
2020-09-30,981121.15,655180.16,325941.0,11,33.22127955349857
2020-10-01,981077.0,625702.41,355374.59,12,36.222905031919005
2020-10-02,981136.15,567522.03,413614.13,14,42.15664971675949
2020-10-05,982018.16,510039.65,471978.5,16,48.062094900566805
2020-10-06,982387.47,481117.13,501270.35,17,51.025727150204794
2020-10-07,986092.37,543942.3,442150.08,15,44.83860675242828
2020-10-08,990096.58,518213.28,471883.3,16,47.660330267982545
2020-10-09,998247.65,585312.64,412935.0,14,41.36598768852599
2020-10-12,1001060.73,557747.21,443313.52,15,44.28437823147853
2020-10-13,1005119.91,470675.98,534443.93,18,53.172156345007636
2020-10-14,1007983.08,443263.84,564719.24,19,56.02467454116392
2020-10-15,1007204.66,500973.29,506231.37,17,50.26102341504258
2020-10-16,1007491.14,500291.62,507199.52,17,50.34282683617446
2020-10-19,1011327.8,531981.05,479346.75,16,47.39776262454171
2020-10-20,1011216.31,621030.1,390186.21,13,38.58583036501854
2020-10-21,1007762.89,647047.7,360715.2,12,35.79365777201818
2020-10-22,1003084.14,611075.67,392008.47,13,39.080317828572184
2020-10-23,1003029.51,640723.96,362305.56,12,36.12112668549503
2020-10-26,991950.13,780739.27,211210.86,7,21.292487758431967
2020-10-27,991860.85,721132.99,270727.87,9,27.294944648737772
2020-10-28,987072.87,687410.63,299662.24,10,30.358674532306818
2020-10-29,986984.04,628097.42,358886.62,12,36.36194765621539
2020-10-30,977748.13,531722.85,446025.27,15,45.617603993781096
2020-11-02,974572.32,618629.32,355943.0,12,36.52299503027133
2020-11-03,974440.75,530786.25,443654.51,15,45.52914171538906
2020-11-04,979870.91,536969.06,442901.86,15,45.20002129668284
2020-11-05,992670.19,639277.45,353392.73,12,35.600215817904235
2020-11-06,992446.84,490153.62,502293.22,17,50.611599508946995
2020-11-09,1014539.91,718935.23,295604.67,10,29.136820255794564
2020-11-10,1016768.73,533728.89,483039.84,16,47.50734613956903
2020-11-11,1015327.44,592436.96,422890.47,14,41.65064917382711
2020-11-12,1015327.44,592436.96,422890.47,14,41.65064917382711
2020-11-13,1015327.44,592436.96,422890.47,14,41.65064917382711
2020-11-16,1018275.15,595361.03,422914.12,14,41.53240113931878
2020-11-17,1018091.86,472984.7,545107.15,18,53.542039909836824
2020-11-18,1019383.44,503402.89,515980.54,17,50.616923892740495
2020-11-19,1020659.41,624410.39,396249.02,13,38.822844929240404
2020-11-20,1020567.55,563078.99,457488.56,15,44.82687696664468
2020-11-23,1023517.35,565871.59,457645.76,15,44.713043701701785
2020-11-24,1037439.43,792689.81,244749.62,8,23.591702119901107
2020-11-25,1037159.32,605670.61,431488.72,14,41.60293521732032
2020-11-26,1037159.32,605670.61,431488.72,14,41.60293521732032
2020-11-27,1037112.65,574509.15,462603.5,15,44.604942384995496
2020-11-30,1042585.14,611096.42,431488.72,14,41.386425285133065
2020-12-01,1048431.13,522380.55,526050.57,17,50.17502389498869
2020-12-02,1048333.27,583203.8,465129.47,15,44.36847358664864
2020-12-03,1050074.98,646765.81,403309.17,13,38.407654470540756
2020-12-04,1056141.01,683488.02,372652.99,12,35.28439729842514
2020-12-07,1057635.26,618923.81,438711.45,14,41.480410741979235
2020-12-08,1056652.33,553370.72,503281.61,16,47.62982068094242
2020-12-09,1055157.42,456579.77,598577.65,19,56.72875332668371
2020-12-10,1056882.67,424022.0,632860.67,20,59.87993634146732
2020-12-11,1058036.42,393365.79,664670.63,21,62.82114844402048
2020-12-14,1058004.45,361535.77,696468.68,22,65.82852085357487
2020-12-15,1056076.37,295202.24,760874.13,24,72.04726396822987
2020-12-16,1055981.32,231742.65,824238.68,26,78.05428603604466
2020-12-17,1055981.32,231742.65,824238.68,26,78.05428603604466
2020-12-18,1062653.43,301813.9,760839.54,24,71.59808819325036
2020-12-21,1061332.35,395147.6,666184.75,21,62.76872178634713
2020-12-22,1061732.9,363217.74,698515.16,22,65.79010219990357
2020-12-23,1065865.97,398786.09,667079.88,21,62.58571891548428
2020-12-24,1068339.83,527878.82,540461.0,17,50.588865529800565
2020-12-25,1068339.83,527878.82,540461.0,17,50.588865529800565
2020-12-28,1068897.05,559798.83,509098.21,16,47.62836701626223
2020-12-29,1072447.06,722215.37,350231.7,11,32.657248368045316
2020-12-30,1072093.24,817081.95,255011.3,8,23.786298661858922
2020-12-31,1073279.31,817787.49,255491.82,8,23.80478386376422
2021-01-01,1073279.31,817787.49,255491.82,8,23.80478386376422
2021-01-04,1073294.6,817456.4,255838.21,8,23.83671826914996
2021-01-05,1073004.81,623973.6,449031.21,14,41.84801464217108
2021-01-06,1074000.38,495735.27,578265.1,18,53.8421690316348
2021-01-07,1086833.59,410726.0,676107.59,21,62.20893393624317
2021-01-08,1094113.83,449392.28,644721.55,20,58.926368749035916
2021-01-11,1093818.42,252156.42,841662.0,26,76.94714082434267
2021-01-12,1100609.04,355359.01,745250.04,23,67.71251306458468
2021-01-13,1100460.46,256155.6,844304.86,26,76.72287107889365
2021-01-14,1103836.37,356356.21,747480.16,23,67.7165728829899
2021-01-15,1104777.6,322274.21,782503.39,24,70.82904197188647
2021-01-18,1104777.6,322274.21,782503.39,24,70.82904197188647
2021-01-19,1111134.54,327991.35,783143.19,24,70.48140092918001
2021-01-20,1117693.08,398011.4,719681.68,22,64.38991999485225
2021-01-21,1123494.08,464998.88,658495.2,20,58.61136357745649
2021-01-22,1123341.12,592241.13,531099.99,16,47.278603137041756
2021-01-25,1124613.81,791727.53,332886.28,10,29.600052661633242
2021-01-26,1125116.94,689477.13,435639.82,13,38.71951479105808
2021-01-27,1113024.56,911317.65,201706.91,6,18.122413219704693
2021-01-28,1111726.18,842865.35,268860.83,8,24.184087308261468
2021-01-29,1111426.01,642454.4,468971.61,14,42.1954863194177
2021-02-01,1112015.69,643406.06,468609.63,14,42.140559185815086
2021-02-02,1111965.65,609995.56,501970.09,15,45.14258961146867
2021-02-03,1112980.43,444610.0,668370.43,20,60.05230747857805
2021-02-04,1113529.74,411694.64,701835.11,21,63.02796277358519
2021-02-05,1113379.42,311326.65,802052.77,24,72.0376859489643
2021-02-08,1113379.42,311326.65,802052.77,24,72.0376859489643
2021-02-09,1115306.44,313927.74,801378.69,24,71.85278065820188
2021-02-10,1116282.26,348657.08,767625.18,23,68.76622584685705
2021-02-11,1124097.31,490050.18,634047.13,19,56.40500376253013
2021-02-12,1132135.71,462881.16,669254.55,20,59.114339746424925
2021-02-15,1132135.71,462881.16,669254.55,20,59.114339746424925
2021-02-16,1136726.03,567051.42,569674.61,17,50.11538356344316
2021-02-17,1137212.61,498955.57,638257.04,19,56.124688944488575
2021-02-18,1136804.95,732135.51,404669.45,12,35.597087257580995
2021-02-19,1139275.42,766565.95,372709.47,11,32.71460644696433
2021-02-22,1138523.81,729662.35,408861.46,12,35.911542333049674
2021-02-23,1124374.74,681280.37,443094.37,13,39.40806870136552
2021-02-24,1127052.6,312584.73,814467.87,24,72.26529356305109
2021-02-25,1126511.06,312731.41,813779.65,24,72.23894011302473
2021-02-26,1123752.46,513630.95,610121.51,18,54.29323020124913
2021-03-01,1126962.19,449881.34,677080.85,20,60.08017447328912
2021-03-02,1128734.25,418002.48,710731.77,21,62.967148378814585
2021-03-03,1125677.9,482277.83,643400.07,19,57.15667599052979
2021-03-04,1119558.72,680173.15,439385.57,13,39.24631751338599
2021-03-05,1119457.96,612898.86,506559.1,15,45.25039064441509
2021-03-08,1122637.16,549188.87,573448.29,17,51.080465749058234
2021-03-09,1122494.93,549614.45,572880.48,17,51.03635345595726
2021-03-10,1125215.55,552504.11,572711.44,17,50.89793151187787
2021-03-11,1128540.65,589638.07,538902.58,16,47.75216382325262
2021-03-12,1131610.51,490970.11,640640.4,19,56.61315393756815
2021-03-15,1133108.23,559892.95,573215.28,17,50.58786661535413
2021-03-16,1133694.63,560069.8,573624.84,17,50.59782633000564
2021-03-17,1134233.54,526357.32,607876.22,18,53.59356768800894
2021-03-18,1131329.69,556945.64,574384.05,17,50.77070416140145
2021-03-19,1132369.22,691777.61,440591.61,13,38.90882957768845
2021-03-22,1134057.25,523223.02,610834.23,18,53.86273312039581
2021-03-23,1130099.96,587063.75,543036.21,16,48.052051076968446
2021-03-24,1126876.35,617551.77,509324.58,15,45.1979119093235
2021-03-25,1126876.35,617551.77,509324.58,15,45.1979119093235
2021-03-26,1129118.01,653749.51,475368.5,14,42.100869509644966
2021-03-29,1128965.58,551976.38,576989.2,17,51.10777602271983
2021-03-30,1128914.78,518056.57,610858.21,18,54.11021459033426
2021-03-31,1128809.12,551961.78,576847.33,17,51.102291767451334
2021-04-01,1129795.88,587138.34,542657.55,16,48.03146830381432
2021-04-02,1129795.88,587138.34,542657.55,16,48.03146830381432
2021-04-05,1129619.48,620901.82,508717.66,15,45.03442699129091
2021-04-06,1134860.23,796065.47,338794.76,10,29.853434902728065
2021-04-07,1138206.26,833433.21,304773.05,9,26.776609891426883
2021-04-08,1139417.43,868547.43,270869.99,8,23.772673900556356
2021-04-09,1139314.88,800079.85,339235.03,10,29.77535323685056
2021-04-12,1141375.93,835574.02,305801.91,9,26.792391705684558
2021-04-13,1144605.11,872309.0,272296.12,8,23.78952510530029
2021-04-14,1145112.62,872347.35,272765.27,8,23.819951438488207
2021-04-15,1145009.56,803537.5,341472.06,10,29.82263833674891
2021-04-16,1148064.98,806106.87,341958.11,10,29.785605863528737
2021-04-19,1148594.93,771994.17,376600.76,11,32.78795249427054
2021-04-20,1146051.71,768312.38,377739.34,11,32.96006076375036
2021-04-21,1144063.95,800677.99,343385.96,10,30.0145774193829
2021-04-22,1143806.54,628810.94,514995.59,15,45.02471108444615
2021-04-23,1140221.58,762370.79,377850.79,11,33.13836508865233
2021-04-26,1140614.83,728530.16,412084.66,12,36.128292317574015
2021-04-27,1140563.5,694260.38,446303.11,13,39.13005369714181
2021-04-28,1139022.26,658953.59,480068.67,14,42.147435292441074
2021-04-29,1138538.52,624753.21,513785.31,15,45.12673932191596
2021-04-30,1138371.16,590623.87,547747.28,16,48.11675657700253
2021-05-03,1138319.93,556421.51,581898.42,17,51.119057539473985
2021-05-04,1128860.9,683985.13,444875.77,13,39.40926379857785
2021-05-05,1130148.58,550513.16,579635.42,17,51.28842616428364
2021-05-06,1128235.07,651565.44,476669.63,14,42.2491413956845
2021-05-07,1134654.29,523268.91,611385.38,18,53.882965533052364
2021-05-10,1140801.84,530044.27,610757.57,18,53.53756880336027
2021-05-11,1130843.91,689110.81,441733.09,13,39.06225130575272
2021-05-12,1128051.5,414837.48,713214.03,21,63.22530753250184
2021-05-13,1123289.63,512532.81,610756.82,18,54.372158674695505
2021-05-14,1123188.54,445034.33,678154.21,20,60.37759341810948
2021-05-17,1122993.38,479219.97,643773.41,19,57.32655432038256
2021-05-18,1122993.38,479219.97,643773.41,19,57.32655432038256
2021-05-19,1120346.15,815438.51,304907.64,9,27.21548514269452
2021-05-20,1120043.65,613473.65,506570.01,15,45.22770250962987
2021-05-21,1119748.79,479019.27,640729.52,19,57.220827182139665
2021-05-24,1121947.28,515360.63,606586.65,18,54.06552168832746
2021-05-25,1121947.28,515360.63,606586.65,18,54.06552168832746
2021-05-26,1127322.63,656704.22,470618.42,14,41.74656016618774
2021-05-27,1127170.44,555093.02,572077.42,17,50.753408685912675
2021-05-28,1127473.17,453833.92,673639.25,20,59.74769670128824
2021-05-31,1127473.17,453833.92,673639.25,20,59.74769670128824
2021-06-01,1127422.44,419958.99,707463.44,21,62.75051967211155
2021-06-02,1127371.7,386085.59,741286.11,22,65.75347864417743
2021-06-03,1127320.97,352213.73,775107.24,23,68.75657072182379
2021-06-04,1134396.53,560951.65,573444.87,17,50.550654452372136
2021-06-07,1140992.55,667490.43,473502.12,14,41.49914212849154
2021-06-08,1139974.83,631605.62,508369.21,15,44.59477495656636
2021-06-09,1139820.93,528853.95,610966.99,18,53.60201536218501
2021-06-10,1138385.45,629091.26,509294.19,15,44.73829053243785
2021-06-11,1145403.93,669016.43,476387.5,14,41.5912227575472
2021-06-14,1144090.33,700093.71,443996.62,13,38.807829098599235
2021-06-15,1143884.39,562596.85,581287.55,17,50.816984223379436
2021-06-16,1144560.3,528462.38,616097.93,18,53.82835050280881
2021-06-17,1138416.91,555985.27,582431.63,17,51.161540634529054
2021-06-18,1134653.7,313385.43,821268.26,24,72.38052103474391
2021-06-21,1137315.25,384975.69,752339.56,22,66.15048554039876
2021-06-22,1137295.7,282708.02,854587.68,25,75.1420831011671
2021-06-23,1139881.83,285374.5,854507.32,25,74.96455312389705
2021-06-24,1146584.58,326554.43,820030.15,24,71.51937714006236
2021-06-25,1152217.59,365847.03,786370.56,23,68.24844255328544
2021-06-28,1152714.21,297006.24,855707.96,25,74.23418160169987
2021-06-29,1156538.63,369217.45,787321.18,23,68.07564914628058
2021-06-30,1156486.58,334469.24,822017.34,24,71.07884814365939
2021-07-01,1156554.54,368576.81,787977.73,23,68.13148042287742
2021-07-02,1165029.5,615030.68,549998.82,16,47.209003720506644
2021-07-05,1165029.5,615030.68,549998.82,16,47.209003720506644
2021-07-06,1165323.54,613581.48,551742.06,16,47.34668450960838
2021-07-07,1164613.96,678667.03,485946.92,14,41.72600850499851
2021-07-08,1160374.96,673814.31,486560.64,14,41.93132881805723
2021-07-09,1163526.28,537606.12,625920.16,18,53.795102934847336
2021-07-12,1165175.31,503332.83,661842.49,19,56.801966564155904
2021-07-13,1165213.49,502597.97,662615.51,19,56.866446851726714
2021-07-14,1162547.34,569468.5,593078.84,17,51.015457142588275
2021-07-15,1158552.76,739719.28,418833.48,12,36.15143776447436
2021-07-16,1153175.65,839335.06,313840.58,9,27.215331853391117
2021-07-19,1144411.14,866767.6,277643.53,8,24.260820285269162
2021-07-20,1143920.4,695233.7,448686.7,13,39.22359457878363
2021-07-21,1143243.11,317704.91,825538.2,24,72.21020557910906
2021-07-22,1143191.67,283356.17,859835.5,25,75.21359038594115
2021-07-23,1146732.56,321229.45,825503.11,24,71.98741352560879
2021-07-26,1145578.83,354747.96,790830.87,23,69.0332999606845
2021-07-27,1150371.73,462786.09,687585.64,20,59.77073515184522
2021-07-28,1153815.4,534879.67,618935.73,18,53.64252635213571
2021-07-29,1153659.63,430880.57,722779.07,21,62.650980514937494
2021-07-30,1156238.02,433468.28,722769.75,21,62.51046389220102
2021-08-02,1164478.19,509990.77,654487.42,19,56.20435192521725
2021-08-03,1167280.58,511589.17,655691.41,19,56.172562212934274
2021-08-04,1180745.6,798932.43,381813.17,11,32.33661594843122
2021-08-05,1181188.84,762828.25,418360.59,12,35.41860334542273
2021-08-06,1180992.81,620388.27,560604.55,16,47.46892150850605
2021-08-09,1179633.85,653423.83,526210.02,15,44.60791117514981
2021-08-10,1180237.73,653253.15,526984.58,15,44.65071456409041
2021-08-11,1179791.97,723678.75,456113.23,13,38.660479270764995
2021-08-12,1178338.49,651479.68,526858.81,15,44.71200885579152
2021-08-13,1175974.99,718374.61,457600.38,13,38.91242448957184
2021-08-16,1174976.94,821769.34,353207.6,10,30.060811236006046
2021-08-17,1174589.96,715319.45,459270.51,13,39.1004968235894
2021-08-18,1173991.62,784988.86,389002.76,11,33.13505423488457
2021-08-19,1171827.17,889099.89,282727.29,8,24.127046823807643
2021-08-20,1168261.75,675406.28,492855.47,14,42.187075798724045
2021-08-23,1168209.18,640305.81,527903.36,15,45.1891124498782
2021-08-24,1173506.87,505765.86,667741.01,19,56.901329431501324
2021-08-25,1173348.45,399991.78,773356.66,22,65.91022982132887
2021-08-26,1173295.65,364738.53,808557.12,23,68.91333143526101
2021-08-27,1173860.97,330256.25,843604.71,24,71.86581133198423
2021-08-30,1173808.14,294987.6,878820.54,25,74.86918092082749
2021-08-31,1174688.73,366366.79,808321.94,23,68.81158551678622
2021-09-01,1173307.9,294418.73,878889.17,25,74.90695068191394
2021-09-02,1178173.34,369750.53,808422.81,23,68.61662732921796
2021-09-03,1188021.58,625492.06,562529.52,16,47.35010958302626
2021-09-06,1188021.58,625492.06,562529.52,16,47.35010958302626
2021-09-07,1188195.32,695759.99,492435.32,14,41.44397067647093
2021-09-08,1190696.87,766724.89,423971.98,12,35.60704581343192
2021-09-09,1191071.3,766067.94,425003.37,12,35.68244571084871
2021-09-10,1187938.93,761871.04,426067.89,12,35.86614423015836
2021-09-13,1181578.43,718716.22,462862.2,13,39.173210025508
2021-09-14,1179795.23,504522.4,675272.82,19,57.23644263250666
2021-09-15,1179742.14,469075.45,710666.69,20,60.23915446472057
2021-09-16,1178772.87,326234.05,852538.82,24,72.32426548805793
2021-09-17,1174369.05,322228.25,852140.79,24,72.56158445251943
2021-09-20,1157659.3,767227.36,390431.94,11,33.72597965567244
2021-09-21,1157398.83,593318.04,564080.79,16,48.73694143962457
2021-09-22,1156801.89,628366.96,528434.94,15,45.6806774408019
2021-09-23,1156299.6,281351.06,874948.55,25,75.66797999411226
2021-09-24,1159382.37,320206.69,839175.68,24,72.3812696927589
2021-09-27,1154771.64,352672.67,802098.97,23,69.45953141003706
2021-09-28,1149408.93,489298.48,660110.45,19,57.43042643665558
2021-09-29,1139837.73,688879.54,450958.19,13,39.563367497933235
2021-09-30,1138913.03,654207.84,484705.18,14,42.55857710223931
2021-10-01,1145704.17,696539.55,449164.61,13,39.20423978207219
2021-10-04,1146069.19,594457.07,551612.12,16,48.13078693791603
2021-10-05,1145261.58,491250.3,654011.28,19,57.10584301623041
2021-10-06,1145210.04,456840.91,688369.13,20,60.10854829739355
2021-10-07,1153299.92,604094.81,549205.11,16,47.620319786374395
2021-10-08,1153144.23,500142.11,653002.12,19,56.62796578360367
2021-10-11,1154436.33,535389.29,619047.04,18,53.62331589131468
2021-10-12,1152970.44,568281.24,584689.19,17,50.71155076621044
2021-10-13,1151820.7,601502.64,550318.05,16,47.778100358849265
2021-10-14,1154386.42,672458.53,481927.89,14,41.747536323235686
2021-10-15,1156645.76,604990.52,551655.24,16,47.69439867224343
2021-10-18,1159326.59,779754.89,379571.7,11,32.7407051019161
2021-10-19,1162532.06,816149.18,346382.88,10,29.795555057638584
2021-10-20,1165882.55,819222.71,346659.85,10,29.73368543855468
2021-10-21,1167641.68,855338.12,312303.56,9,26.7465238137097
2021-10-22,1166987.07,819224.07,347763.0,10,29.80007310620845
2021-10-25,1172301.29,894161.88,278139.41,8,23.72593226439254
2021-10-26,1170808.09,962184.7,208623.39,6,17.81875200401118
2021-10-27,1169622.51,819709.92,349912.59,10,29.916711332787195
2021-10-28,1168063.49,712920.31,455143.18,13,38.96561992533471
2021-10-29,1170778.52,749594.51,421184.01,12,35.974695709313146
2021-11-01,1170795.95,749612.83,421183.12,12,35.97408412627324
2021-11-02,1171952.23,645362.38,526589.85,15,44.932706002871804
2021-11-03,1172092.39,715715.09,456377.31,13,38.93697407249611
2021-11-04,1179385.88,758058.69,421327.2,12,35.72428728755003
2021-11-05,1183935.31,655866.23,528069.08,15,44.602866013008764
2021-11-08,1187176.67,552159.52,635017.15,18,53.48969248191173
2021-11-09,1188091.52,588100.98,599990.53,17,50.50036296867096
2021-11-10,1188840.56,657971.49,530869.08,15,44.654354659635764
2021-11-11,1189626.06,657639.14,531986.92,15,44.71883542968116
2021-11-12,1189777.4,657143.57,532633.84,15,44.76752037818167
2021-11-15,1188984.52,619986.3,568998.22,16,47.85581396804056
2021-11-16,1195424.81,697041.7,498383.11,14,41.690878910234424
2021-11-17,1195317.22,625208.62,570108.61,16,47.69517249989923
2021-11-18,1197139.19,662507.15,534632.03,15,44.65913692124639
2021-11-19,1198377.91,805556.01,392821.9,11,32.779467705642205
2021-11-22,1198982.87,948071.75,250911.12,7,20.92699789780983
2021-11-23,1197216.9,658227.48,538989.42,15,45.02019809443051
2021-11-24,1195893.92,549154.2,646739.72,18,54.080024087755206
2021-11-25,1195893.92,549154.2,646739.72,18,54.080024087755206
2021-11-26,1186306.61,647611.96,538694.65,15,45.40939462522256
2021-11-29,1189785.62,651418.27,538367.35,15,45.24910546489879
2021-11-30,1183603.31,681587.63,502015.67,14,42.414182670712535
2021-12-01,1184694.82,683734.43,500960.39,14,42.28602856556763
2021-12-02,1182289.36,754152.68,428136.68,12,36.21251230747775
2021-12-03,1185899.61,580959.87,604939.74,17,51.01104131402825
2021-12-06,1187284.26,617885.36,569398.89,16,47.95809303494009
2021-12-07,1188423.63,476883.48,711540.15,20,59.872601994627125
2021-12-08,1191071.98,444512.62,746559.36,21,62.679617398102174
2021-12-09,1191071.98,444512.62,746559.36,21,62.679617398102174
2021-12-10,1191071.98,444512.62,746559.36,21,62.679617398102174
2021-12-13,1192536.93,445571.09,746965.84,21,62.636705095581405
2021-12-14,1191797.9,479981.58,711816.33,20,59.72626147436575
2021-12-15,1195468.32,518874.73,676593.59,19,56.59653030370557
2021-12-16,1199532.52,593625.26,605907.26,17,50.51194943843623
2021-12-17,1195432.9,695160.53,500272.37,14,41.84863659014237
2021-12-20,1187706.57,758789.62,428916.95,12,36.11304010888817
2021-12-21,1190781.62,904326.08,286455.55,8,24.056094349188896
2021-12-22,1190620.87,796994.96,393625.91,11,33.06055856386928
2021-12-23,1190620.87,796994.96,393625.91,11,33.06055856386928
2021-12-24,1190620.87,796994.96,393625.91,11,33.06055856386928
2021-12-27,1194148.0,836385.08,357762.91,10,29.959679202242935
2021-12-28,1196197.39,802517.76,393679.63,11,32.91092534485467
2021-12-29,1196985.58,839082.03,357903.55,10,29.900406151927072
2021-12-30,1196985.58,839082.03,357903.55,10,29.900406151927072
2021-12-31,1197399.45,875359.96,322039.49,9,26.89490879589096
2022-01-03,1197399.45,875359.96,322039.49,9,26.89490879589096
2022-01-04,1199915.87,1021188.91,178726.96,5,14.894957593985318
2022-01-05,1202068.45,914982.84,287085.61,8,23.882634137847976
2022-01-06,1200504.42,948328.45,252175.97,7,21.00583436419168
2022-01-07,1198166.65,801912.38,396254.27,11,33.071715858557745
2022-01-10,1190001.4,901891.94,288109.46,8,24.210850508243105
2022-01-11,1189626.55,651616.71,538009.84,15,45.225103626007666
2022-01-12,1189519.48,580132.05,609387.43,17,51.2297142035875
2022-01-13,1193464.82,584421.43,609043.39,17,51.03153270994615
2022-01-14,1192736.95,654975.26,537761.68,15,45.086360408302944
2022-01-17,1192736.95,654975.26,537761.68,15,45.086360408302944
2022-01-18,1180715.11,535920.93,644794.18,18,54.61047923745128
2022-01-19,1170483.57,704785.22,465698.35,13,39.78683357340932
2022-01-20,1166876.83,845660.19,321216.65,9,27.527896838949147
2022-01-21,1164935.71,951958.31,212977.4,6,18.28233079059788
2022-01-24,1157656.51,981426.59,176229.92,5,15.222988725731781
2022-01-25,1157413.71,807753.66,349660.05,10,30.210463810731948
2022-01-26,1157316.22,844319.45,312996.78,9,27.0450525613475
2022-01-27,1158677.77,880629.08,278048.7,8,23.997068658700513
2022-01-28,1159996.06,951406.77,208589.29,6,17.98189642126888
2022-01-31,1163359.53,954700.07,208659.46,6,17.935939373789285
2022-02-01,1166744.32,958132.08,208612.24,6,17.879859059438143
2022-02-02,1166691.82,923077.24,243614.58,7,20.88079952424797
2022-02-03,1166639.31,888023.96,278615.36,8,23.881876567317107
2022-02-04,1173470.64,964314.66,209155.98,6,17.823707971083113
2022-02-07,1173470.64,964314.66,209155.98,6,17.823707971083113
2022-02-08,1176588.56,1002162.29,174426.28,5,14.824747233646399
2022-02-09,1179187.12,1039483.26,139703.86,4,11.84747167184119
2022-02-10,1179187.12,1039483.26,139703.86,4,11.84747167184119
2022-02-11,1179256.79,1074453.78,104803.01,3,8.887208527330166
2022-02-14,1180827.97,1040069.41,140758.56,4,11.92032739536141
2022-02-15,1177956.07,1037103.27,140852.8,4,11.957389888062632
2022-02-16,1177483.24,1036294.05,141189.19,4,11.990760055319344
2022-02-17,1176354.28,1070165.87,106188.41,3,9.026907268106338
2022-02-18,1176354.28,1070165.87,106188.41,3,9.026907268106338
2022-02-21,1176354.28,1070165.87,106188.41,3,9.026907268106338
2022-02-22,1176354.28,1070165.87,106188.41,3,9.026907268106338
2022-02-23,1176372.06,1070317.86,106054.2,3,9.015362027554445
2022-02-24,1174224.17,1103508.71,70715.47,2,6.022314291145958
2022-02-25,1174118.49,1032949.57,141168.92,4,12.023396377992482
2022-02-28,1174012.82,962396.74,211616.08,6,18.025022929477036
2022-03-01,1184359.62,1043264.16,141095.45,4,11.913226997725571
2022-03-02,1185698.39,973124.88,212573.51,6,17.92812673044112
2022-03-03,1185645.03,937500.54,248144.49,7,20.92907098847283
2022-03-04,1187161.15,974243.38,212917.77,6,17.935035188777867
2022-03-07,1187107.73,938575.16,248532.57,7,20.9359743618214
2022-03-08,1189794.34,1082953.07,106841.27,3,8.979809905634616
2022-03-09,1187325.8,973322.54,214003.26,6,18.02397117960378
2022-03-10,1185268.95,1006878.93,178390.02,5,15.050594213237426
2022-03-11,1185987.73,1079121.02,106866.71,3,9.010777033924288
2022-03-14,1186058.98,1114886.1,71172.88,2,6.000787583093044
2022-03-15,1183788.44,1148173.64,35614.81,1,3.0085451755213963
2022-03-16,1183788.44,1148173.64,35614.81,1,3.0085451755213963
2022-03-17,1187291.16,1187291.16,0.0,0,0.0
2022-03-18,1187291.16,1187291.16,0.0,0,0.0
2022-03-21,1187237.73,1151619.04,35618.7,1,3.0001320796972983
2022-03-22,1187237.73,1151619.04,35618.7,1,3.0001320796972983
2022-03-23,1187184.31,1115948.47,71235.83,2,6.000401908950431
2022-03-24,1187184.31,1115948.47,71235.83,2,6.000401908950431
2022-03-25,1187184.31,1115948.47,71235.83,2,6.000401908950431
2022-03-28,1187184.31,1115948.47,71235.83,2,6.000401908950431
2022-03-29,1187184.31,1115948.47,71235.83,2,6.000401908950431
2022-03-30,1187184.31,1115948.47,71235.83,2,6.000401908950431
2022-03-31,1187184.31,1115948.47,71235.83,2,6.000401908950431
2022-04-01,1187184.31,1115948.47,71235.83,2,6.000401908950431
2022-04-04,1187483.7,1151866.57,35617.14,1,2.9993792756902686
2022-04-05,1187483.7,1151866.57,35617.14,1,2.9993792756902686
2022-04-06,1190108.62,1190108.62,0.0,0,0.0
2022-04-07,1189894.4,1047081.33,142813.07,4,12.00216338525503
2022-04-08,1189840.86,1011330.97,178509.89,5,15.00283743827725
2022-04-11,1189840.86,1011330.97,178509.89,5,15.00283743827725
2022-04-12,1189787.31,975582.17,214205.14,6,18.00364974475984
2022-04-13,1188386.64,1009876.75,178509.89,5,15.021196300220948
2022-04-14,1188386.64,1009876.75,178509.89,5,15.021196300220948
2022-04-15,1188386.64,1009876.75,178509.89,5,15.021196300220948
2022-04-18,1188404.43,1009946.29,178458.14,5,15.016616859969128
2022-04-19,1188404.43,1009946.29,178458.14,5,15.016616859969128
2022-04-20,1186893.86,1044138.93,142754.93,4,12.027607085270455
2022-04-21,1186893.86,1044138.93,142754.93,4,12.027607085270455
2022-04-22,1185735.67,1043173.67,142562.0,4,12.023084369216962
2022-04-25,1181357.03,1145750.23,35606.8,1,3.0140591790442897
2022-04-26,1181144.38,1003774.63,177369.75,5,15.016771277360691
2022-04-27,1181091.23,968287.14,212804.1,6,18.017583620530313
2022-04-28,1181038.08,932801.25,248236.84,7,21.018529732758488
2022-04-29,1179133.25,895641.0,283492.26,8,24.04242777480832
2022-05-02,1175612.56,927621.44,247991.12,7,21.094630019944667
2022-05-03,1173154.05,960603.66,212550.39,6,18.117858434704292
2022-05-04,1173154.05,960603.66,212550.39,6,18.117858434704292
2022-05-05,1172942.89,819614.02,353328.87,10,30.123279915188373
2022-05-06,1172942.89,819614.02,353328.87,10,30.123279915188373
2022-05-09,1170197.5,958131.34,212066.17,6,18.122254576684707
2022-05-10,1168249.85,1062250.08,105999.78,3,9.07338271860253
2022-05-11,1168249.85,1062250.08,105999.78,3,9.07338271860253
2022-05-12,1168249.85,1062250.08,105999.78,3,9.07338271860253
2022-05-13,1167764.11,1062147.87,105616.25,3,9.044313752715007
2022-05-16,1169835.36,1099593.12,70242.25,2,6.004456045849049
2022-05-17,1169782.72,1064445.38,105337.34,3,9.00486374084924
2022-05-18,1169782.72,1064445.38,105337.34,3,9.00486374084924
2022-05-19,1167810.74,1062574.6,105236.13,3,9.011402823714398
2022-05-20,1167810.74,1062574.6,105236.13,3,9.011402823714398
2022-05-23,1167810.74,1062574.6,105236.13,3,9.011402823714398
2022-05-24,1167810.74,1062574.6,105236.13,3,9.011402823714398
2022-05-25,1167758.18,1027487.76,140270.43,4,12.011941547692691
2022-05-26,1167758.18,1027487.76,140270.43,4,12.011941547692691
2022-05-27,1169315.32,1064092.47,105222.85,3,8.99867197498105
2022-05-30,1169315.32,1064092.47,105222.85,3,8.99867197498105
2022-05-31,1169315.32,1064092.47,105222.85,3,8.99867197498105
2022-06-01,1169928.78,1064721.59,105207.19,3,8.99261491797817
2022-06-02,1169928.78,1064721.59,105207.19,3,8.99261491797817
2022-06-03,1172584.1,1067372.57,105211.53,3,8.972621238851865
2022-06-06,1172584.1,1067372.57,105211.53,3,8.972621238851865
2022-06-07,1172654.17,1102540.44,70113.73,2,5.979062863862071
2022-06-08,1172654.17,1102540.44,70113.73,2,5.979062863862071
2022-06-09,1172036.33,1172036.33,0.0,0,0.0
2022-06-10,1172036.33,1172036.33,0.0,0,0.0
2022-06-13,1169938.11,1134776.97,35161.14,1,3.0053846181658272
2022-06-14,1169938.11,1134776.97,35161.14,1,3.0053846181658272
2022-06-15,1169885.47,1099626.19,70259.27,2,6.005653698733433
2022-06-16,1169885.47,1099626.19,70259.27,2,6.005653698733433
2022-06-17,1167575.24,1097317.55,70257.69,2,6.0174014995384795
2022-06-20,1167575.24,1097317.55,70257.69,2,6.0174014995384795
2022-06-21,1167575.24,1097317.55,70257.69,2,6.0174014995384795
2022-06-22,1167470.16,1027157.89,140312.26,4,12.01848790721983
2022-06-23,1163736.68,1093548.24,70188.44,2,6.031299107973464
2022-06-24,1163736.68,1093548.24,70188.44,2,6.031299107973464
2022-06-27,1167181.62,1132020.48,35161.14,1,3.0124823247302333
2022-06-28,1167503.05,1167503.05,0.0,0,0.0
2022-06-29,1167450.51,1132425.46,35025.05,1,3.000131457392571
2022-06-30,1167450.51,1132425.46,35025.05,1,3.000131457392571
2022-07-01,1167397.97,1097349.39,70048.59,2,6.000403615572503
2022-07-04,1167397.97,1097349.39,70048.59,2,6.000403615572503
2022-07-05,1167397.97,1097349.39,70048.59,2,6.000403615572503
2022-07-06,1167397.97,1097349.39,70048.59,2,6.000403615572503
2022-07-07,1167397.97,1097349.39,70048.59,2,6.000403615572503
2022-07-08,1167397.97,1097349.39,70048.59,2,6.000403615572503
2022-07-11,1167397.97,1097349.39,70048.59,2,6.000403615572503
2022-07-12,1167397.97,1097349.39,70048.59,2,6.000403615572503
2022-07-13,1167345.44,1062274.93,105070.51,3,9.000806993343804
2022-07-14,1166799.14,1061733.3,105065.83,3,9.00462010967886
2022-07-15,1166799.14,1061733.3,105065.83,3,9.00462010967886
2022-07-18,1166159.34,1026109.19,140050.15,4,12.0095209287609
2022-07-19,1166159.34,1026109.19,140050.15,4,12.0095209287609
2022-07-20,1166159.34,1026109.19,140050.15,4,12.0095209287609
2022-07-21,1166159.34,1026109.19,140050.15,4,12.0095209287609
2022-07-22,1166159.34,1026109.19,140050.15,4,12.0095209287609
2022-07-25,1166159.34,1026109.19,140050.15,4,12.0095209287609
2022-07-26,1166106.86,991071.93,175034.93,5,15.010196406871321
2022-07-27,1165097.3,1025084.29,140013.01,4,12.017280445161104
2022-07-28,1161665.98,1056673.34,104992.64,3,9.038109216213769
2022-07-29,1159940.34,1055082.59,104857.75,3,9.03992613964956
2022-08-01,1159387.16,1054940.86,104446.3,3,9.008750795549608
2022-08-02,1159387.16,1054940.86,104446.3,3,9.008750795549608
2022-08-03,1159387.16,1054940.86,104446.3,3,9.008750795549608
2022-08-04,1157611.42,1087963.32,69648.1,2,6.016535324090014
2022-08-05,1157611.42,1087963.32,69648.1,2,6.016535324090014
2022-08-08,1158272.85,1123474.64,34798.2,1,3.004318024030348
2022-08-09,1158804.61,1158804.61,0.0,0,0.0
2022-08-10,1158804.61,1158804.61,0.0,0,0.0
2022-08-11,1158804.61,1158804.61,0.0,0,0.0
2022-08-12,1158804.61,1158804.61,0.0,0,0.0
2022-08-15,1158804.61,1158804.61,0.0,0,0.0
2022-08-16,1158752.47,1123988.35,34764.12,1,3.000133410718857
2022-08-17,1158752.47,1123988.35,34764.12,1,3.000133410718857
2022-08-18,1158752.47,1123988.35,34764.12,1,3.000133410718857
2022-08-19,1158752.47,1123988.35,34764.12,1,3.000133410718857
2022-08-22,1158752.47,1123988.35,34764.12,1,3.000133410718857
2022-08-23,1158752.47,1123988.35,34764.12,1,3.000133410718857
2022-08-24,1158596.04,1019544.12,139051.92,4,12.001760337451179
2022-08-25,1158596.04,1019544.12,139051.92,4,12.001760337451179
2022-08-26,1158596.04,1019544.12,139051.92,4,12.001760337451179
2022-08-29,1158543.9,984734.11,173809.79,5,15.002434521471308
2022-08-30,1157625.64,949067.37,208558.27,6,18.016037550792326
2022-08-31,1153820.04,980045.6,173774.43,5,15.060791455832229
2022-09-01,1151995.26,1012983.42,139011.84,4,12.067049650881376
2022-09-02,1151943.42,978371.71,173571.71,5,15.067728760497628
2022-09-05,1151943.42,978371.71,173571.71,5,15.067728760497628
2022-09-06,1151943.42,978371.71,173571.71,5,15.067728760497628
2022-09-07,1149808.79,1010999.65,138809.14,4,12.072367267256674
2022-09-08,1148659.34,941130.06,207529.28,6,18.06708680051302
2022-09-09,1148659.34,941130.06,207529.28,6,18.06708680051302
2022-09-12,1148659.34,941130.06,207529.28,6,18.06708680051302
2022-09-13,1149292.12,1011283.94,138008.18,4,12.008102865962396
2022-09-14,1148368.37,1010341.21,138027.16,4,12.01941498963438
2022-09-15,1148316.7,975838.48,172478.22,5,15.020091582748908
2022-09-16,1146706.73,939825.27,206881.46,6,18.041357444549053
2022-09-19,1146894.19,940171.42,206722.77,6,18.02457208367234
2022-09-20,1146842.58,905713.03,241129.55,7,21.025514242765556
2022-09-21,1146911.35,940231.3,206680.05,6,18.020577614826113
2022-09-22,1146809.05,1009030.02,137779.03,4,12.014121269796396
2022-09-23,1142903.74,1005244.47,137659.27,4,12.044695032671779
2022-09-26,1141682.87,1038473.17,103209.7,3,9.04013738946613
2022-09-27,1140472.8,1071667.33,68805.47,2,6.033065409363555
2022-09-28,1140472.8,1071667.33,68805.47,2,6.033065409363555
2022-09-29,1140421.48,1037401.9,103019.58,3,9.03346541666332
2022-09-30,1140379.3,1106165.19,34214.11,1,3.000239481723318
2022-10-03,1140327.98,1071902.51,68425.47,2,6.0005078538895456
2022-10-04,1140327.98,1071902.51,68425.47,2,6.0005078538895456
2022-10-05,1140276.67,1037641.27,102635.39,3,9.000919925863256
2022-10-06,1140225.35,1003381.67,136843.68,4,12.001459185239128
2022-10-07,1140293.65,1037661.33,102632.32,3,9.000516665159015
2022-10-10,1138868.23,1104654.12,34214.11,1,3.0042202511874443
2022-10-11,1138868.23,1104654.12,34214.11,1,3.0042202511874443
2022-10-12,1138868.23,1104654.12,34214.11,1,3.0042202511874443
2022-10-13,1139344.99,1139344.99,0.0,0,0.0
2022-10-14,1139293.72,1105113.36,34180.35,1,3.000135031026064
2022-10-17,1139293.72,1105113.36,34180.35,1,3.000135031026064
2022-10-18,1139293.72,1105113.36,34180.35,1,3.000135031026064
2022-10-19,1139293.72,1105113.36,34180.35,1,3.000135031026064
2022-10-20,1139139.91,1002423.15,136716.76,4,12.001753147249492
2022-10-21,1139139.91,1002423.15,136716.76,4,12.001753147249492
2022-10-24,1139088.65,968197.71,170890.94,5,15.002426720694656
2022-10-25,1139088.65,968197.71,170890.94,5,15.002426720694656
2022-10-26,1139088.65,968197.71,170890.94,5,15.002426720694656
2022-10-27,1139092.06,1002379.89,136712.18,4,12.001855231964305
2022-10-28,1145101.08,1008402.52,136698.56,4,11.937685012051512
2022-10-31,1145101.08,1008402.52,136698.56,4,11.937685012051512
2022-11-01,1144770.51,1008071.95,136698.56,4,11.941132201247916
2022-11-02,1144719.0,973677.3,171041.7,5,14.941806679193759
2022-11-03,1146949.4,941403.35,205546.05,6,17.921108812646835
2022-11-04,1146949.4,941403.35,205546.05,6,17.921108812646835
2022-11-07,1149423.67,943643.27,205780.4,6,17.902919991198722
2022-11-08,1149423.67,943643.27,205780.4,6,17.902919991198722
2022-11-09,1150075.44,978636.61,171438.83,5,14.906746465257967
2022-11-10,1150075.44,978636.61,171438.83,5,14.906746465257967
2022-11-11,1152201.15,1117792.63,34408.53,1,2.9863301212639826
2022-11-14,1152149.3,1083174.82,68974.49,2,5.986593056993569
2022-11-15,1152097.46,1048558.52,103538.93,3,8.986994034341505
2022-11-16,1152045.61,1013943.81,138101.8,4,11.98752886181303
2022-11-17,1151993.77,979330.6,172663.17,5,14.988203451829433
2022-11-18,1151993.77,979330.6,172663.17,5,14.988203451829433
2022-11-21,1154189.27,981374.9,172814.37,5,14.972792980478841
2022-11-22,1154189.27,981374.9,172814.37,5,14.972792980478841
2022-11-23,1154189.27,981374.9,172814.37,5,14.972792980478841
2022-11-24,1154189.27,981374.9,172814.37,5,14.972792980478841
2022-11-25,1154189.27,981374.9,172814.37,5,14.972792980478841
2022-11-28,1154189.27,981374.9,172814.37,5,14.972792980478841
2022-11-29,1155322.47,982448.43,172874.04,5,14.96327168292676
2022-11-30,1154829.44,1016519.85,138309.59,4,11.976624877176668
2022-12-01,1156908.28,949226.97,207681.32,6,17.9514075221244
2022-12-02,1159507.35,986387.4,173119.95,5,14.930474567496274
2022-12-05,1159507.35,986387.4,173119.95,5,14.930474567496274
2022-12-06,1160236.49,1021676.27,138560.22,4,11.94241184398536
2022-12-07,1158211.39,1054296.06,103915.34,3,8.972053020476686
2022-12-08,1158211.39,1054296.06,103915.34,3,8.972053020476686
2022-12-09,1158211.39,1054296.06,103915.34,3,8.972053020476686
2022-12-12,1158159.27,1019497.6,138661.67,4,11.972590781922422
2022-12-13,1158972.83,1020192.02,138780.81,4,11.974466217642046
2022-12-14,1158764.22,880906.55,277857.67,8,23.978792683122368
2022-12-15,1155625.84,981833.4,173792.45,5,15.038816542904579
2022-12-16,1154522.7,1015577.02,138945.68,4,12.034902388666763
2022-12-19,1154107.07,738075.86,416031.21,12,36.047886787488444
2022-12-20,1154107.07,738075.86,416031.21,12,36.047886787488444
2022-12-21,1154107.07,738075.86,416031.21,12,36.047886787488444
2022-12-22,1154176.28,772813.84,381362.44,11,33.04195785413299
2022-12-23,1154176.28,772813.84,381362.44,11,33.04195785413299
2022-12-26,1154176.28,772813.84,381362.44,11,33.04195785413299
2022-12-27,1154020.46,668782.2,485238.26,14,42.04763059400178
2022-12-28,1154155.01,703661.51,450493.5,13,39.032322010195145
2022-12-29,1154116.7,738392.38,415724.32,12,36.02099510387468
2022-12-30,1154511.16,738926.32,415584.84,12,35.996606563768516
2023-01-02,1154511.16,738926.32,415584.84,12,35.996606563768516
2023-01-03,1154511.16,738926.32,415584.84,12,35.996606563768516
2023-01-04,1154532.86,1016033.55,138499.31,4,11.99613409011156
2023-01-05,1154325.04,877281.78,277043.26,8,24.000454845889855
2023-01-06,1152541.1,806238.34,346302.76,10,30.0468903017862
2023-01-09,1150962.5,631838.43,519124.07,15,45.103473831684354
2023-01-10,1147264.15,697292.5,449971.65,13,39.22127698316034
2023-01-11,1149006.69,699657.07,449349.63,13,39.10766002589593
2023-01-12,1148954.99,665135.21,483819.77,14,42.10954947852222
2023-01-13,1148903.28,630614.88,518288.4,15,45.11157806077462
2023-01-16,1148903.28,630614.88,518288.4,15,45.11157806077462
2023-01-17,1149578.94,665914.02,483664.92,14,42.07322378400565
2023-01-18,1148016.98,699130.39,448886.59,13,39.101040996797806
2023-01-19,1146147.34,801291.59,344855.75,10,30.088256366759964
2023-01-20,1143116.02,798379.51,344736.5,10,30.157612523005316
2023-01-23,1144904.1,663329.9,481574.2,14,42.062405052091265
2023-01-24,1145325.57,492474.0,652851.56,19,57.00139568175362
2023-01-25,1144899.23,423328.1,721571.13,21,63.024859401818276
2023-01-26,1150191.61,463202.75,686988.86,20,59.72820998059618
2023-01-27,1148489.55,461304.8,687184.75,20,59.83378342449872
2023-01-30,1149482.16,496630.42,652851.74,19,56.79529119442793
2023-01-31,1147548.51,528943.84,618604.66,18,53.906623956141075
2023-02-01,1154247.67,569857.11,584390.56,17,50.629563757317364
2023-02-02,1155843.83,709133.74,446710.09,13,38.64796250199302
2023-02-03,1162292.84,437009.77,725283.07,21,62.40106150873302
2023-02-06,1163047.44,609081.7,553965.74,16,47.630536893662736
2023-02-07,1166627.36,715703.01,450924.35,13,38.651960811205385
2023-02-08,1172464.14,754937.05,417527.09,12,35.61107549097408
2023-02-09,1172464.14,754937.05,417527.09,12,35.61107549097408
2023-02-10,1168043.03,818869.25,349173.78,10,29.89391409664077
2023-02-13,1167832.78,678493.84,489338.93,14,41.90145527512937
2023-02-14,1167452.92,712737.35,454715.57,13,38.9493710804201
2023-02-15,1167452.92,712737.35,454715.57,13,38.9493710804201
2023-02-16,1167400.39,677661.23,489739.16,14,41.95125889927105
2023-02-17,1166790.93,782118.07,384672.86,11,32.96844791208653
2023-02-20,1166790.93,782118.07,384672.86,11,32.96844791208653
2023-02-21,1159519.23,844351.48,315167.75,9,27.180898931706377
2023-02-22,1153175.6,908254.86,244920.73,7,21.238806128051962
2023-02-23,1153123.7,873607.69,279516.01,8,24.23989811327267
2023-02-24,1151580.02,803286.57,348293.44,10,30.244831792062527
2023-02-27,1151528.19,768687.37,382840.83,11,33.24632721323132
2023-02-28,1152506.75,840244.05,312262.7,9,27.094218754033328
2023-03-01,1152403.03,770989.94,381413.09,11,33.09719603913225
2023-03-02,1146257.68,799891.58,346366.09,10,30.217122732822173
2023-03-03,1146051.35,662134.3,483917.05,14,42.22472666691593
2023-03-06,1145845.06,524401.79,621443.27,18,54.23449397250969
2023-03-07,1144695.67,558426.55,586269.12,17,51.21615599367123
2023-03-08,1145668.49,628760.16,516908.33,15,45.118490602809544
2023-03-09,1140519.73,693031.68,447488.05,13,39.235450139911215
2023-03-10,1127157.87,989796.74,137361.13,4,12.18650320917335
2023-03-13,1125552.87,955350.91,170201.97,5,15.121632624862835
2023-03-14,1125400.92,853899.2,271501.73,8,24.12488964377246
2023-03-15,1123758.28,751023.12,372735.16,11,33.16862412795748
2023-03-16,1123556.0,615969.86,507586.14,15,45.176754874701395
2023-03-17,1124031.7,516061.9,607969.8,18,54.08831441319671
2023-03-20,1124673.48,550518.41,574155.07,17,51.05082321315161
2023-03-21,1125342.58,585579.38,539763.2,16,47.96434522187901
2023-03-22,1125241.3,517957.54,607283.77,18,53.96920376100663
2023-03-23,1129875.22,590066.23,539808.99,16,47.775982731969286
2023-03-24,1131743.14,591377.6,540365.53,16,47.746304872676326
2023-03-27,1132990.83,592487.76,540503.07,16,47.70586448612298
2023-03-28,1134731.82,695435.04,439296.79,13,38.71371034611508
2023-03-29,1134938.46,729403.72,405534.75,12,35.73187131221194
2023-03-30,1136940.23,765118.21,371822.02,11,32.70374380190593
2023-03-31,1141014.62,903807.39,237207.24,7,20.789149923425168
2023-04-03,1140963.28,869525.62,271437.66,8,23.790218735172612
2023-04-04,1143419.46,905722.0,237697.46,7,20.788299335048922
2023-04-05,1141117.24,1073175.24,67942.01,2,5.953990319171761
2023-04-06,1141117.24,1073175.24,67942.01,2,5.953990319171761
2023-04-07,1141117.24,1073175.24,67942.01,2,5.953990319171761
2023-04-10,1140963.19,970320.63,170642.56,5,14.956009229359976
2023-04-11,1140635.18,969716.0,170919.18,5,14.984561496691695
2023-04-12,1142426.79,1005497.33,136929.45,4,11.985840248021496
2023-04-13,1142426.79,1005497.33,136929.45,4,11.985840248021496
2023-04-14,1142323.97,936848.94,205475.03,6,17.987456745742627
2023-04-17,1142272.56,902527.81,239744.75,7,20.98840140220124
2023-04-18,1142221.16,868208.23,274012.93,8,23.989481161424116
2023-04-19,1142221.16,868208.23,274012.93,8,23.989481161424116
2023-04-20,1142169.76,833890.19,308279.57,9,26.990696199135932
2023-04-21,1142169.76,833890.19,308279.57,9,26.990696199135932
2023-04-24,1142662.72,937088.31,205574.4,6,17.9908205984002
2023-04-25,1138810.49,1036002.89,102807.61,3,9.02763110304683
2023-04-26,1138759.25,1001787.33,136971.92,4,12.028171889712423
2023-04-27,1138708.0,967573.29,171134.72,5,15.02885024079922
2023-04-28,1138534.37,830866.25,307668.12,9,27.023173661415246
2023-05-01,1138380.67,728244.46,410136.21,12,36.028037088858866
2023-05-02,1137552.05,761701.48,375850.57,11,33.04029648577399
2023-05-03,1137500.86,727523.78,409977.08,12,36.04191384962997
2023-05-04,1133832.92,792310.12,341522.8,10,30.121086976377438
2023-05-05,1133730.87,724178.06,409552.82,12,36.12434227886905
2023-05-08,1133679.86,690115.12,443564.73,13,39.12610126107382
2023-05-09,1133679.86,690115.12,443564.73,13,39.12610126107382
2023-05-10,1137039.62,727636.13,409403.48,12,36.006087457181124
2023-05-11,1138566.89,729215.03,409351.86,12,35.95325523650174
2023-05-12,1139046.64,763864.51,375182.13,11,32.938258788068595
2023-05-15,1141945.33,800903.86,341041.46,10,29.864955093778438
2023-05-16,1142318.21,835294.86,307023.34,9,26.877216638260542
2023-05-17,1144129.37,802693.44,341435.93,10,29.842423326655794
2023-05-18,1150665.35,774284.59,376380.76,11,32.709836965195834
2023-05-19,1152407.51,567993.25,584414.25,17,50.71246455171053
2023-05-22,1152303.79,498745.06,653558.73,19,56.7175718479586
2023-05-23,1156947.37,537249.22,619698.15,18,53.56321005336656
2023-05-24,1153548.37,670500.91,483047.46,14,41.87492025150189
2023-05-25,1147082.76,732946.87,414135.89,12,36.10340111815472
2023-05-26,1159219.28,504639.95,654579.33,19,56.46725699731287
2023-05-29,1159219.28,504639.95,654579.33,19,56.46725699731287
2023-05-30,1166112.15,510875.93,655236.22,19,56.18981158887677
2023-05-31,1169000.94,440943.61,728057.32,21,62.28030235801179
2023-06-01,1167881.59,437301.38,730580.21,21,62.556017344189826
2023-06-02,1158291.09,356958.97,801332.12,23,69.18227437975025
2023-06-05,1162050.87,464976.64,697074.24,20,59.986551191171166
2023-06-06,1161894.0,360235.2,801658.8,23,68.9958636502125
2023-06-07,1160184.99,427512.54,732672.45,21,63.15134709681083
2023-06-08,1158712.11,322065.32,836646.79,24,72.20488875360076
2023-06-09,1162115.65,360075.33,802040.33,23,69.01553472754627
2023-06-12,1164546.13,396467.31,768078.82,22,65.9552078027171
2023-06-13,1164262.42,465736.73,698525.69,20,59.99727192087846
2023-06-14,1171180.17,472820.78,698359.4,20,59.628690605306275
2023-06-15,1175065.83,511645.71,663420.11,19,56.45812286108259
2023-06-16,1180330.82,621358.08,558972.74,16,47.35729428805392
2023-06-19,1180330.82,621358.08,558972.74,16,47.35729428805392
2023-06-20,1183031.71,586956.71,596075.0,17,50.38537808931597
2023-06-21,1190540.7,804137.7,386402.99,11,32.45609242926344
2023-06-22,1190244.53,767265.89,422978.64,12,35.53712109897283
2023-06-23,1189791.92,872140.59,317651.33,9,26.698057421670846
2023-06-26,1188267.22,798136.84,390130.38,11,32.83187261531964
2023-06-27,1188267.22,798136.84,390130.38,11,32.83187261531964
2023-06-28,1188053.33,655330.79,532722.54,15,44.83995175536438
2023-06-29,1188438.43,725895.76,462542.67,13,38.92020472612956
2023-06-30,1188438.43,725895.76,462542.67,13,38.92020472612956
2023-07-03,1188453.65,761162.96,427290.69,12,35.953500584562136
2023-07-04,1188453.65,761162.96,427290.69,12,35.953500584562136
2023-07-05,1188733.32,903320.44,285412.88,8,24.009832583812827
2023-07-06,1189357.27,903976.17,285381.1,8,23.994564728225015
2023-07-07,1189250.23,832507.71,356742.51,10,29.997262224620297
2023-07-10,1189321.39,868226.88,321094.51,9,26.998127898801183
2023-07-11,1192807.18,1014438.51,178368.66,5,14.953687653020333
2023-07-12,1193377.02,979120.61,214256.41,6,17.95379049615016
2023-07-13,1196721.89,910709.51,286012.39,8,23.899653912071418
2023-07-14,1196721.89,910709.51,286012.39,8,23.899653912071418
2023-07-17,1198058.09,911823.65,286234.44,8,23.891532671842313
2023-07-18,1198004.18,875828.0,322176.18,9,26.89274256121544
2023-07-19,1197950.27,839833.96,358116.31,10,29.89408817446153
2023-07-20,1200041.44,913373.51,286667.92,8,23.888168395251416
2023-07-21,1202098.87,951111.64,250987.23,7,20.87908376454925
2023-07-24,1201828.4,770526.24,431302.17,12,35.88716741924222
2023-07-25,1196969.52,837131.18,359838.33,10,30.062447204169413
2023-07-26,1196504.2,728830.88,467673.32,13,39.086642570916176
2023-07-27,1203532.02,771968.32,431563.7,12,35.85809873176453
2023-07-28,1210571.45,815027.68,395543.77,11,32.674136664961004
2023-07-31,1216219.45,674613.03,541606.42,15,44.531965016675244
2023-08-01,1216017.55,527918.26,688099.28,19,56.586295156677636
2023-08-02,1212189.49,667717.13,544472.35,15,44.91643876569166
2023-08-03,1204323.18,732198.0,472125.18,13,39.20253199809706
2023-08-04,1202295.29,622494.86,579800.43,16,48.22446156301586
2023-08-07,1201983.48,586108.26,615875.22,17,51.23824330763681
2023-08-08,1205796.58,517848.89,687947.69,19,57.05337877140105
2023-08-09,1201043.13,585740.44,615302.69,17,51.230690608088324
2023-08-10,1203003.64,587564.74,615438.9,17,51.158523510369434
2023-08-11,1188272.66,826633.09,361639.57,10,30.434056271226506
2023-08-14,1187737.27,862414.86,325322.41,9,27.390098653719942
2023-08-15,1187316.95,613424.2,573892.74,16,48.3352604374089
2023-08-16,1185281.78,683692.64,501589.14,14,42.31813468017706
2023-08-17,1179646.66,821450.12,358196.55,10,30.364732266524623
2023-08-18,1173115.44,922555.54,250559.9,7,21.358503302965648
2023-08-21,1172229.46,781771.11,390458.35,11,33.30903746438859
2023-08-22,1176383.12,750980.4,425402.72,12,36.16191976641079
2023-08-23,1178648.15,754127.9,424520.26,12,36.017556214719384
2023-08-24,1178185.21,789636.89,388548.32,11,32.97854333106083
2023-08-25,1178038.94,859850.98,318187.96,9,27.00996963648757
2023-08-28,1177720.87,647485.92,530234.95,15,45.022123960493275
2023-08-29,1178709.26,613743.65,564965.61,16,47.93087058635647
2023-08-30,1178603.18,542915.03,635688.14,18,53.935722454100286
2023-08-31,1185598.93,585225.54,600373.38,17,50.63882606574215
2023-09-01,1186216.14,585606.4,600609.74,17,50.63240329877825
2023-09-04,1186216.14,585606.4,600609.74,17,50.63240329877825
2023-09-05,1194043.84,698733.05,495310.79,14,41.48179266181717
2023-09-06,1193775.18,519357.81,674417.36,19,56.494503429029244
2023-09-07,1197141.92,556620.03,640521.89,18,53.50425703913201
2023-09-08,1196956.78,590684.84,606271.94,17,50.65111373528457
2023-09-11,1196741.33,446834.73,749906.6,21,62.66238001490263
2023-09-12,1197704.24,481935.71,715768.53,20,59.761709618728574
2023-09-13,1199171.19,555130.14,644041.04,18,53.7071808738167
2023-09-14,1198518.36,553863.42,644654.94,18,53.787656619628244
2023-09-15,1202267.43,664364.2,537903.22,15,44.740729606224136
2023-09-18,1198756.08,587581.49,611174.59,17,50.984065916061915
2023-09-19,1195193.51,547846.23,647347.28,18,54.162549794970026
2023-09-20,1191146.89,615549.12,575597.77,16,48.32298810770518
2023-09-21,1185539.16,717909.31,467629.85,13,39.44448785647874
2023-09-22,1185539.16,717909.31,467629.85,13,39.44448785647874
2023-09-25,1182728.07,787258.12,395469.95,11,33.43709852087978
2023-09-26,1178276.28,748279.05,429997.23,12,36.49375255182087
2023-09-27,1178242.24,713616.46,464625.78,13,39.43380777114221
2023-09-28,1176198.62,570318.37,605880.25,17,51.51172937101388
2023-09-29,1174092.79,676191.72,497901.08,14,42.40730240750393
2023-10-02,1173148.32,713130.18,460018.14,13,39.21227454001724
2023-10-03,1167161.37,777866.18,389295.19,11,33.35401599180754
2023-10-04,1166091.71,847760.16,318331.55,9,27.29901492910879
2023-10-05,1166674.0,779128.56,387545.44,11,33.217971772748854
2023-10-06,1164358.71,777161.36,387197.34,11,33.25412836049468
2023-10-09,1168532.95,502941.36,665591.59,19,56.95959108384577
2023-10-10,1168480.37,467832.79,700647.58,20,59.96228931085936
2023-10-11,1177379.26,512042.03,665337.23,19,56.5100178510024
2023-10-12,1183190.5,552809.93,630380.57,18,53.27802834792875
2023-10-13,1190687.24,664365.03,526322.21,15,44.20322922079857
2023-10-16,1191019.56,628478.84,562540.72,16,47.231862422141916
2023-10-17,1188891.07,518123.89,670767.18,19,56.41956583961893
2023-10-18,1188623.57,339522.71,849100.86,24,71.43564046942129
2023-10-19,1180178.9,436917.72,743261.18,21,62.97868738375174
2023-10-20,1177161.16,503801.3,673359.86,19,57.20201132018321
2023-10-23,1169854.73,778328.04,391526.69,11,33.46797512200511
2023-10-24,1167629.67,740966.15,426663.52,12,36.540996769977596
2023-10-25,1161616.11,736695.07,424921.04,12,36.58016072108366
2023-10-26,1155086.28,872569.23,282517.05,8,24.45852356587596
2023-10-27,1153218.22,941135.32,212082.9,6,18.390526296055228
2023-10-30,1152281.17,975918.89,176362.28,5,15.305490065415198
2023-10-31,1149001.05,1009459.61,139541.44,4,12.144587683361994
2023-11-01,1148949.35,974937.88,174011.47,5,15.145269023390803
2023-11-02,1148897.65,940417.69,208479.96,6,18.146086381149793
2023-11-03,1146396.94,765582.39,380814.55,11,33.21838507349819
2023-11-06,1146293.77,696695.37,449598.4,13,39.221917781163555
2023-11-07,1150961.05,736637.91,414323.14,12,35.99801574518964
2023-11-08,1154354.35,740531.27,413823.08,12,35.848877773103204
2023-11-09,1157612.35,813104.71,344507.64,10,29.76019044717344
2023-11-10,1160942.4,816095.18,344847.21,10,29.704075757763697
2023-11-13,1160733.43,676573.13,484160.3,14,41.711584028384536
2023-11-14,1164115.88,714347.52,449768.36,13,38.63604712616755
2023-11-15,1165582.38,715360.59,450221.8,13,38.62633887790926
2023-11-16,1168382.08,682693.83,485688.25,14,41.56929983041164
2023-11-17,1178855.17,795855.14,383000.03,11,32.489150469603494
2023-11-20,1177178.19,793204.46,383973.72,11,32.618147639993225
2023-11-21,1177125.21,757836.13,419289.08,12,35.61975195484939
2023-11-22,1178765.67,723377.89,455387.78,13,38.63259607823496
2023-11-23,1178765.67,723377.89,455387.78,13,38.63259607823496
2023-11-24,1178765.67,723377.89,455387.78,13,38.63259607823496
2023-11-27,1183638.55,832635.71,351002.85,10,29.65456388692308
2023-11-28,1184800.49,796926.69,387873.81,11,32.737478864479534
2023-11-29,1195300.46,841866.69,353433.77,10,29.568613233864234
2023-11-30,1193108.96,731552.91,461556.05,13,38.68515495852114
2023-12-01,1193892.02,588337.05,605554.96,17,50.72108279943105
2023-12-04,1192950.3,586310.34,606639.97,17,50.852074055390226
2023-12-05,1192698.82,406693.4,786005.42,22,65.90141675498597
2023-12-06,1194564.41,551016.98,643547.43,18,53.872978686850395
2023-12-07,1196136.9,587903.23,608233.67,17,50.84983750605805
2023-12-08,1195975.42,480089.4,715886.02,20,59.85792082583102
2023-12-11,1199485.37,519017.78,680467.59,19,56.72996161678904
2023-12-12,1199420.91,554732.15,644688.76,18,53.75000174042322
2023-12-13,1200457.54,591214.27,609243.27,17,50.750922019282754
2023-12-14,1216328.03,857694.26,358633.77,10,29.484954811080033
2023-12-15,1219285.03,713298.74,505986.29,14,41.49860594942267
2023-12-18,1221900.42,459102.29,762798.12,21,62.427191898338165
2023-12-19,1226109.84,570677.23,655432.6,18,53.45627109558144
2023-12-20,1227511.77,608063.7,619448.07,17,50.463717345863
2023-12-21,1227456.53,571183.1,656273.43,18,53.466123969375936
2023-12-22,1229293.85,572080.86,657212.99,18,53.46264361446207
2023-12-25,1229293.85,572080.86,657212.99,18,53.46264361446207
2023-12-26,1226979.51,606256.37,620723.14,17,50.58952777459177
2023-12-27,1226979.51,606256.37,620723.14,17,50.58952777459177
2023-12-28,1228763.93,533595.15,695168.78,19,56.57464082624887
2023-12-29,1229024.89,643488.54,585536.34,16,47.64235002596246
2024-01-01,1229024.89,643488.54,585536.34,16,47.64235002596246
2024-01-02,1219275.04,889052.81,330222.23,9,27.08348971041021
2024-01-03,1214186.79,920544.59,293642.21,8,24.184269868394797
2024-01-04,1214717.11,848376.38,366340.72,10,30.158521435497022
2024-01-05,1214607.78,775383.99,439223.8,12,36.161780554377806
2024-01-08,1212259.26,773562.59,438696.67,12,36.18835380147972
2024-01-09,1214466.89,739916.22,474550.67,13,39.074813311707494
2024-01-10,1214302.93,630450.15,583852.78,16,48.08131196718763
2024-01-11,1217777.35,597504.54,620272.8,17,50.93482811123068
2024-01-12,1230872.26,611121.26,619751.0,17,50.35055384219967
2024-01-15,1230872.26,611121.26,619751.0,17,50.35055384219967
2024-01-16,1230816.87,574139.72,656677.15,18,53.352953311405294
2024-01-17,1230706.09,500179.95,730526.14,20,59.35829406678243
2024-01-18,1233996.8,576630.53,657366.27,18,53.271310752183474
2024-01-19,1245943.26,622588.57,623354.69,17,50.03074457820815
2024-01-22,1252513.31,477409.99,775103.32,21,61.88383898291667
2024-01-23,1252979.35,364008.55,888970.8,24,70.94855952733778
2024-01-24,1263141.7,446238.11,816903.59,22,64.67236336192526
2024-01-25,1267189.99,597995.46,669194.53,18,52.80932893101531
2024-01-26,1270334.11,560459.48,709874.63,19,55.88093907043085
2024-01-29,1277194.89,677406.77,599788.12,16,46.961362333668596
2024-01-30,1279631.47,678453.66,601177.82,16,46.98054354665097
2024-01-31,1276585.71,750428.69,526157.02,14,41.215957211364994
2024-02-01,1275419.76,748361.81,527057.96,14,41.32427429225339
2024-02-02,1283699.03,752947.93,530751.1,14,41.34544683733227
2024-02-05,1280052.78,782224.33,497828.45,13,38.89124400011068
2024-02-06,1279937.58,705305.99,574631.59,15,44.89528231525165
2024-02-07,1284136.08,709368.96,574767.12,15,44.75905076975954
2024-02-08,1286311.74,633330.49,652981.25,17,50.763841275366104
2024-02-09,1289676.0,674136.91,615539.1,16,47.728196849441254
2024-02-12,1294014.81,638902.85,655111.96,17,50.626310837972554
2024-02-13,1292997.89,597679.49,695318.39,18,53.77567862852429
2024-02-14,1309038.04,652631.57,656406.46,17,50.14418526752667
2024-02-15,1313308.31,732808.92,580499.39,15,44.20130334818334
2024-02-16,1312538.22,729579.58,582958.64,15,44.41460302771222
2024-02-19,1312538.22,729579.58,582958.64,15,44.41460302771222
2024-02-20,1309388.85,958756.01,350632.84,9,26.778358468532858
2024-02-21,1294811.49,785802.68,509008.81,13,39.31142208198971
2024-02-22,1296129.82,787667.17,508462.65,13,39.229299577414245
2024-02-23,1295954.84,670840.46,625114.38,16,48.235815068988046
2024-02-26,1295779.89,554029.63,741750.26,19,57.2435384839936
2024-02-27,1295721.58,515097.9,780623.67,20,60.24625058725965
2024-02-28,1294122.9,552377.85,741745.05,19,57.31643030194428
2024-02-29,1296967.81,671681.29,625286.52,16,48.211413974877296
2024-03-01,1303824.32,640725.53,663098.8,17,50.85798675698886
2024-03-04,1304682.09,485409.01,819273.08,21,62.794843761517406
2024-03-05,1299808.15,597252.3,702555.86,18,54.05073510271497
2024-03-06,1302675.65,639688.96,662986.69,17,50.894226049285564
2024-03-07,1304533.66,758079.86,546453.8,14,41.88882332097128
2024-03-08,1310048.58,997629.09,312419.48,8,23.847930891234583
2024-03-11,1307070.84,836649.42,470421.42,12,35.990506834350306
2024-03-12,1307012.02,797378.49,509633.53,13,38.992260377222856
2024-03-13,1304347.94,794640.07,509707.88,13,39.077600720556205
2024-03-14,1301596.23,792059.37,509536.86,13,39.14707558733479
2024-03-15,1298877.97,945988.95,352889.02,9,27.168758586305074
2024-03-18,1298351.93,594765.89,703586.04,18,54.190703132393395
2024-03-19,1294133.58,591158.27,702975.31,18,54.32015062927276
2024-03-20,1294161.75,591356.76,702804.99,18,54.30580760094323
2024-03-21,1302837.04,638982.6,663854.44,17,50.954526131679515
2024-03-22,1304612.4,562683.98,741928.42,19,56.8696434281937
2024-03-25,1307090.23,722032.52,585057.72,15,44.76031620250118
2024-03-26,1306887.55,761041.95,545845.6,14,41.766837552320396
2024-03-27,1306887.55,761041.95,545845.6,14,41.766837552320396
2024-03-28,1306887.55,761041.95,545845.6,14,41.766837552320396
2024-03-29,1306887.55,761041.95,545845.6,14,41.766837552320396
2024-04-01,1306847.72,721555.24,585292.48,15,44.78658615251668
2024-04-02,1308724.72,995821.37,312903.35,8,23.909027255174028
2024-04-03,1308548.05,877859.37,430688.67,11,32.91347765181416
2024-04-04,1306746.56,914710.47,392036.1,10,30.000928412621953
2024-04-05,1308768.32,916797.63,391970.69,10,29.94958572958123
2024-04-08,1305171.97,677206.45,627965.52,16,48.11362291208262
2024-04-09,1305171.97,677206.45,627965.52,16,48.11362291208262
2024-04-10,1305054.5,598778.67,706275.84,18,54.1184939019788
2024-04-11,1304878.32,481147.52,823730.8,21,63.1270201500474
2024-04-12,1301317.3,438673.59,862643.71,22,66.290036257875
2024-04-15,1291046.71,624833.08,666213.63,17,51.6025969346996
2024-04-16,1286839.98,660196.49,626643.49,16,48.69630255037615
2024-04-17,1272466.46,882314.34,390152.12,10,30.661092631078073
2024-04-18,1263966.36,953737.23,310229.13,8,24.544097043848538
2024-04-19,1263842.31,954896.59,308945.72,8,24.444957852376376
2024-04-22,1262582.26,803323.29,459258.97,12,36.374578080956084
2024-04-23,1262355.0,651586.14,610768.86,16,48.38328837767506
2024-04-24,1262127.78,499876.28,762251.5,20,60.39416230898587
2024-04-25,1250542.34,716400.55,534141.79,14,42.712811307132554
2024-04-26,1250429.79,641255.48,609174.31,16,48.71719426965988
2024-04-29,1251918.18,608284.23,643633.95,17,51.41182229656573
2024-04-30,1254208.26,762866.6,491341.66,13,39.175444435360355
2024-05-01,1254509.85,801372.49,453137.36,12,36.120669757993525
2024-05-02,1254672.73,877225.65,377447.08,10,30.083309453932262
2024-05-03,1256662.59,879074.3,377588.3,10,30.046911796745697
2024-05-06,1256402.66,803630.01,452772.65,12,36.03722472220809
2024-05-07,1256134.22,652964.02,603170.21,16,48.01797454415341
2024-05-08,1261099.85,696173.58,564926.27,15,44.796315692211046
2024-05-09,1257448.85,692381.68,565067.18,15,44.93758771977087
2024-05-10,1257392.27,654601.62,602790.65,16,47.93974516798962
2024-05-13,1257884.61,692397.99,565486.61,15,44.95536438751723
2024-05-14,1257884.61,692397.99,565486.61,15,44.95536438751723
2024-05-15,1257884.61,692397.99,565486.61,15,44.95536438751723
2024-05-16,1257789.93,616733.84,641056.09,17,50.96686455424238
2024-05-17,1259031.57,655615.59,603415.98,16,47.92699360191579
2024-05-20,1268043.83,853252.55,414791.28,11,32.711115356320136
2024-05-21,1273485.14,971420.83,302064.31,8,23.719500174144162
2024-05-22,1274743.65,933433.54,341310.1,9,26.774802918218104
2024-05-23,1273295.64,893224.38,380071.26,10,29.849411877354736
2024-05-24,1273960.34,893731.53,380228.81,10,29.84620463145658
2024-05-27,1273960.34,893731.53,380228.81,10,29.84620463145658
2024-05-28,1276687.39,857742.72,418944.67,11,32.81497673443771
2024-05-29,1275378.69,702507.41,572871.27,15,44.91773890310179
2024-05-30,1275263.9,625869.94,649393.97,17,50.92232047029639
2024-05-31,1264378.42,843606.69,420771.73,11,33.27893954406466
2024-06-03,1262730.79,538508.24,724222.55,19,57.35367789677481
2024-06-04,1260031.38,574208.33,685823.04,18,54.42904445760709
2024-06-05,1259861.27,460635.35,799225.92,21,63.437613254037096
2024-06-06,1264671.1,466767.55,797903.55,21,63.091783310301
2024-06-07,1262401.62,465160.75,797240.88,21,63.15271363482565
2024-06-10,1262344.82,427231.86,835112.96,22,66.15569270526257
2024-06-11,1258190.38,499584.83,758605.55,20,60.2933834226264
2024-06-12,1268860.03,586168.5,682691.53,18,53.80353339682392
2024-06-13,1272613.34,590052.86,682560.48,18,53.6345532885896
2024-06-14,1271643.99,627228.79,644415.2,17,50.67575556268701
2024-06-17,1277742.21,784698.89,493043.32,13,38.58707305286565
2024-06-18,1286194.78,752920.17,533274.6,14,41.46141846416139
2024-06-19,1286194.78,752920.17,533274.6,14,41.46141846416139
2024-06-20,1286754.55,675523.43,611231.12,16,47.50176480821459
2024-06-21,1283316.72,439222.01,844094.7,22,65.774464467353
2024-06-24,1280254.57,397112.86,883141.71,23,68.98172681391014
2024-06-25,1281088.1,397871.01,883217.09,23,68.94272845091606
2024-06-26,1281088.1,397871.01,883217.09,23,68.94272845091606
2024-06-27,1280720.79,473826.93,806893.86,21,63.003104681388045
2024-06-28,1279664.03,510124.27,769539.76,20,60.1360780610517
2024-07-01,1279395.38,318015.54,961379.84,25,75.14329463969145
2024-07-02,1278832.56,317220.22,961612.34,25,75.19454618828284
2024-07-03,1282101.84,473843.5,808258.35,21,63.04166523932295
2024-07-04,1282101.84,473843.5,808258.35,21,63.04166523932295
2024-07-05,1280885.38,511335.66,769549.72,20,60.07951468694256
2024-07-08,1293297.95,678474.26,614823.68,16,47.53921399164052
2024-07-09,1296059.59,834690.37,461369.21,12,35.597839293793584
2024-07-10,1296001.26,795750.27,500250.99,13,38.59957589856047
2024-07-11,1294732.49,870844.5,423887.99,11,32.73942635053516
2024-07-12,1294455.99,831316.7,463139.29,12,35.7786818229332
2024-07-15,1296480.07,871396.71,425083.37,11,32.78749745840675
2024-07-16,1300049.78,990075.71,309974.07,8,23.843246217848673
2024-07-17,1294929.29,906422.44,388506.86,10,30.00216791760112
2024-07-18,1289569.52,862234.42,427335.1,11,33.137810205067495
2024-07-19,1289172.91,784553.89,504619.02,13,39.142850123960486
2024-07-22,1289175.39,784307.76,504867.64,13,39.162060020398
2024-07-23,1288711.29,474441.58,814269.71,21,63.184804565497366
2024-07-24,1271642.9,806474.06,465168.83,12,36.58014604571772
2024-07-25,1272744.97,925152.76,347592.21,9,27.310436748377015
2024-07-26,1272458.6,733954.74,538503.87,14,42.319952099030964
2024-07-29,1270692.09,618180.31,652511.79,17,51.350897289366145
2024-07-30,1271551.19,657933.76,613617.44,16,48.257391823918624
2024-07-31,1271138.89,582083.34,689055.54,18,54.20773020326678
2024-08-01,1269483.66,543400.44,726083.23,19,57.19516153520243
2024-08-02,1250142.01,868633.63,381508.37,10,30.51720260164683
2024-08-05,1242409.53,1014835.75,227573.78,6,18.317130906103078
2024-08-06,1242185.89,865522.97,376662.93,10,30.32258964075015
2024-08-07,1240839.57,901680.9,339158.67,9,27.33299922084206
2024-08-08,1244333.35,981473.15,262860.2,7,21.12458048319608
2024-08-09,1244896.75,945558.94,299337.81,8,24.04519169963292
2024-08-12,1244840.73,908156.01,336684.71,9,27.046408579513624
2024-08-13,1244784.71,870754.77,374029.94,10,30.047761431774017
2024-08-14,1244728.69,833355.3,411373.4,11,33.04924224089348
2024-08-15,1243339.15,870050.22,373288.93,10,30.023097881217687
2024-08-16,1243283.2,832694.07,410589.13,11,33.024586031565455
2024-08-19,1243605.56,870520.65,373084.91,10,30.000260693591617
2024-08-20,1251424.12,1027428.35,223995.77,6,17.899269034386197
2024-08-21,1251311.49,952230.28,299081.21,8,23.901419621744225
2024-08-22,1251311.49,952230.28,299081.21,8,23.901419621744225
2024-08-23,1254499.26,1030078.03,224421.23,6,17.889307483529326
2024-08-26,1256277.93,1069203.6,187074.33,5,14.891157882555495
2024-08-27,1255092.28,1142905.91,112186.37,3,8.93849574152428
2024-08-28,1256097.5,1181254.58,74842.92,2,5.9583686775907125
2024-08-29,1256097.5,1181254.58,74842.92,2,5.9583686775907125
2024-08-30,1257576.29,1220033.57,37542.72,1,2.985323458984743
2024-09-02,1257576.29,1220033.57,37542.72,1,2.985323458984743
2024-09-03,1256201.98,1180931.98,75270.0,2,5.991870829561979
2024-09-04,1256145.45,1143189.37,112956.08,3,8.992277128416937
2024-09-05,1255788.3,991953.19,263835.1,7,21.009520474111756
2024-09-06,1253068.64,989299.64,263769.0,7,21.04984448417766
2024-09-09,1253068.64,989299.64,263769.0,7,21.04984448417766
2024-09-10,1244510.26,1018507.17,226003.09,6,18.16000215217189
2024-09-11,1244454.26,981115.86,263338.39,7,21.160953717977552
2024-09-12,1244118.25,756778.25,487340.01,13,39.17151846297568
2024-09-13,1244118.25,756778.25,487340.01,13,39.17151846297568
2024-09-16,1244062.27,719398.66,524663.61,14,42.17342030636457
2024-09-17,1243894.32,607265.16,636629.16,17,51.18032535111182
2024-09-18,1243838.34,569892.36,673945.98,18,54.182763010826626
2024-09-19,1251991.41,691467.69,560523.71,15,44.77057154888946
2024-09-20,1252554.28,654358.61,598195.67,16,47.7580636265919
2024-09-23,1252328.82,503826.69,748502.13,20,59.76881774548636
2024-09-24,1259955.87,661024.9,598930.97,16,47.535868855470305
2024-09-25,1260651.96,623458.95,637193.01,17,50.54472052698827
2024-09-26,1264727.08,701229.35,563497.73,15,44.554887683752284
2024-09-27,1264745.62,701104.77,563640.85,15,44.565550659902655
2024-09-30,1264763.68,700740.21,564023.48,15,44.59516737545784
2024-10-01,1264077.71,736754.96,527322.74,14,41.716006526212695
2024-10-02,1265609.63,775603.71,490005.92,13,38.71698732254431
2024-10-03,1264051.31,735032.16,529019.15,14,41.851081978626326
2024-10-04,1264650.99,810751.31,453899.68,12,35.89129993880763
2024-10-07,1266321.11,811332.66,454988.44,12,35.92994197182735
2024-10-08,1266207.14,735239.5,530967.64,14,41.93371078289766
2024-10-09,1266989.71,735834.5,531155.21,14,41.92261435177717
2024-10-10,1269205.55,737670.01,531535.55,14,41.8793906156493
2024-10-11,1271077.96,739210.26,531867.7,14,41.843829941005346
2024-10-14,1273735.09,703545.08,570190.02,15,44.765196819693486
2024-10-15,1273510.14,778958.95,494551.19,13,38.83370649879553
2024-10-16,1273395.52,702433.69,570961.83,15,44.837744521042445
2024-10-17,1270623.68,699358.75,571264.93,15,44.95941158597013
2024-10-18,1270509.33,623007.01,647502.32,17,50.96399567565552
2024-10-21,1271691.0,738077.48,533613.52,14,41.960941769659456
2024-10-22,1274443.68,816860.54,457583.15,12,35.90454071693463
2024-10-23,1272083.78,852419.62,419664.16,11,32.99029251045084
2024-10-24,1272747.93,852930.94,419816.99,11,32.985085271362415
2024-10-25,1270907.15,850983.93,419923.22,11,33.041219415596174
2024-10-28,1270147.05,888347.72,381799.33,10,30.0594588634442
2024-10-29,1269863.82,888172.08,381691.74,10,30.057690753013183
2024-10-30,1267338.22,885873.86,381464.36,10,30.099649326444204
2024-10-31,1260894.04,1032352.36,228541.68,6,18.12536761614005
2024-11-01,1259267.91,993255.04,266012.88,7,21.124407116830287
2024-11-04,1257334.22,765002.23,492331.99,13,39.15681146417855
2024-11-05,1257277.64,727225.62,530052.02,14,42.158708875153465
2024-11-06,1258666.2,729024.53,529641.67,14,42.07959743417278
2024-11-07,1256727.33,387246.08,869481.25,23,69.18614955242518
2024-11-08,1258567.59,351518.95,907048.65,24,72.06991958214974
2024-11-11,1269603.75,400405.88,869197.87,23,68.46213789144842
2024-11-12,1278718.2,370791.05,907927.15,24,71.00291135294704
2024-11-13,1281610.07,411171.79,870438.28,23,67.91755935563147
2024-11-14,1275392.26,480438.98,794953.28,21,62.3301007017245
2024-11-15,1268898.08,511420.59,757477.48,20,59.695691241017556
2024-11-18,1271733.61,513389.5,758344.11,20,59.630735874001154
2024-11-19,1271671.34,436591.23,835080.11,22,65.66791935406832
2024-11-20,1271504.02,435560.24,835943.78,22,65.74448580980498
2024-11-21,1273474.14,625951.86,647522.28,17,50.84691236839721
2024-11-22,1277460.68,551963.58,725497.1,19,56.7921276449777
2024-11-25,1277403.2,513582.28,763820.91,20,59.79481732940704
2024-11-26,1278640.31,438067.3,840573.01,22,65.73959880867513
2024-11-27,1277253.31,436387.96,840865.35,22,65.83387519269768
2024-11-28,1277253.31,436387.96,840865.35,22,65.83387519269768
2024-11-29,1277195.83,398012.88,879182.95,23,68.83697310536944
2024-12-02,1276109.3,549861.76,726247.54,19,56.911076504183455
2024-12-03,1278570.7,513607.14,764963.56,20,59.82958627160782
2024-12-04,1290313.16,601614.1,688699.06,18,53.37456683771249
2024-12-05,1288699.85,521284.86,767415.0,20,59.54955298551482
2024-12-06,1290107.43,522176.57,767930.86,20,59.52456688044963
2024-12-09,1295186.36,910078.77,385107.59,10,29.73375893180345
2024-12-10,1292373.87,906973.94,385399.93,10,29.821086525062597
2024-12-11,1298736.46,1027403.1,271333.36,7,20.892103083022707
2024-12-12,1298678.02,988382.58,310295.44,8,23.893177155643244
2024-12-13,1298619.58,949363.79,349255.79,9,26.894388116341194
2024-12-16,1296704.98,986304.77,310400.21,8,23.93761223929286
2024-12-17,1294145.55,867102.8,427042.75,11,32.998046471666186
2024-12-18,1275251.14,1119898.9,155352.23,4,12.18208909031048
2024-12-19,1272855.5,1118101.33,154754.17,4,12.158031292632982
2024-12-20,1270739.98,1078438.77,192301.21,5,15.133010137919797
2024-12-23,1269939.42,543927.4,726012.02,19,57.16902779504238
2024-12-24,1269882.27,505772.15,764110.12,20,60.171729147773675
2024-12-25,1269882.27,505772.15,764110.12,20,60.171729147773675
2024-12-26,1268061.07,542722.16,725338.92,19,57.20062993496047
2024-12-27,1268061.07,542722.16,725338.92,19,57.20062993496047
2024-12-30,1268708.03,619740.45,648967.58,17,51.15184618166245
2024-12-31,1268708.03,619740.45,648967.58,17,51.15184618166245
2025-01-01,1268708.03,619740.45,648967.58,17,51.15184618166245
2025-01-02,1266359.53,732513.45,533846.07,14,42.15596419130671
2025-01-03,1266245.55,656417.96,609827.59,16,48.160294818015345
2025-01-06,1267624.66,658067.21,609557.45,16,48.086588186127585
2025-01-07,1267586.67,620093.94,647492.73,17,51.08074621832368
2025-01-08,1259285.89,1145279.01,114006.88,3,9.053296070839007
2025-01-09,1259285.89,1145279.01,114006.88,3,9.053296070839007
2025-01-10,1255841.55,1028957.87,226883.68,6,18.06626640120324
2025-01-13,1251833.45,1025368.68,226464.77,6,18.090646962661047
2025-01-14,1251664.45,912534.59,339129.86,9,27.094311099112865
2025-01-15,1251664.45,912534.59,339129.86,9,27.094311099112865
2025-01-16,1251270.18,649290.73,601979.45,16,48.10946985086786
2025-01-17,1251270.18,649290.73,601979.45,16,48.10946985086786
2025-01-20,1251270.18,649290.73,601979.45,16,48.10946985086786
2025-01-21,1254919.23,653076.95,601842.28,16,47.95864670907944
2025-01-22,1254636.88,464556.81,790080.07,21,62.9728077178793
2025-01-23,1256387.08,353305.66,903081.42,24,71.87923486128176
2025-01-24,1254549.57,351331.46,903218.11,24,71.9954102730273
2025-01-27,1254789.63,615516.68,639272.96,17,50.94662441544086
2025-01-28,1267152.92,703102.26,564050.66,15,44.51322733802326
2025-01-29,1267095.9,665030.65,602065.25,16,47.515365648330175
2025-01-30,1268358.27,741490.37,526867.9,14,41.53935937990139
2025-01-31,1278238.98,976768.43,301470.55,8,23.58483466057341
2025-02-03,1273039.8,1045457.39,227582.41,6,17.877085225457996
2025-02-04,1274275.9,855084.29,419191.61,11,32.89645594019318
2025-02-05,1274275.9,855084.29,419191.61,11,32.89645594019318
2025-02-06,1272937.89,777289.71,495648.18,13,38.9373420253835
2025-02-07,1268912.04,887531.08,381380.96,10,30.055744447030385
2025-02-10,1268912.04,887531.08,381380.96,10,30.055744447030385
2025-02-11,1270457.89,927000.4,343457.49,9,27.034149868595804
2025-02-12,1270659.11,850875.17,419783.94,11,33.036708012111916
2025-02-13,1268700.08,810790.28,457909.79,12,36.09283212152079
2025-02-14,1266526.73,732625.1,533901.64,14,42.15478657919837
2025-02-17,1266526.73,732625.1,533901.64,14,42.15478657919837
2025-02-18,1266412.75,656519.53,609893.22,16,48.15911873913145
2025-02-19,1267907.63,773113.0,494794.62,13,39.024500546621056
2025-02-20,1260866.66,918190.1,342676.57,9,27.177859552571565
2025-02-21,1253040.73,1024890.56,228150.18,6,18.20772258536241
2025-02-24,1249036.7,1059113.77,189922.92,5,15.205551606289871
2025-02-25,1247649.25,1095763.56,151885.69,4,12.173749152656486
2025-02-26,1247649.25,1095763.56,151885.69,4,12.173749152656486
2025-02-27,1244078.22,1130996.51,113081.71,3,9.089598080094996
2025-02-28,1244078.22,1130996.51,113081.71,3,9.089598080094996
2025-03-03,1242938.59,906661.44,336277.16,9,27.055010014613835
2025-03-04,1234826.98,1085268.68,149558.3,4,12.111680617797967
2025-03-05,1233728.73,1047672.21,186056.53,5,15.080829802836803
2025-03-06,1231678.75,971909.06,259769.68,7,21.09070080164978
2025-03-07,1229993.92,1007297.55,222696.37,6,18.105485431993028
2025-03-10,1223527.26,1001398.24,222129.02,6,18.154807601099137
2025-03-11,1222364.45,1037780.25,184584.2,5,15.100586408578884
2025-03-12,1219426.63,1145820.94,73605.69,2,6.0360900926036045
2025-03-13,1219426.63,1145820.94,73605.69,2,6.0360900926036045
2025-03-14,1219426.63,1145820.94,73605.69,2,6.0360900926036045
2025-03-17,1219371.76,1109183.36,110188.4,3,9.036489413204057
2025-03-18,1219316.88,1072547.32,146769.56,4,12.03703175174611
2025-03-19,1219316.88,1072547.32,146769.56,4,12.03703175174611
2025-03-20,1219207.15,999278.54,219928.61,6,18.038658155835126
2025-03-21,1219207.15,999278.54,219928.61,6,18.038658155835126
2025-03-24,1220767.65,891434.04,329333.61,9,26.97758332636026
2025-03-25,1222193.12,892895.62,329297.5,9,26.94316426850774
2025-03-26,1222193.12,892895.62,329297.5,9,26.94316426850774
2025-03-27,1222193.12,892895.62,329297.5,9,26.94316426850774
2025-03-28,1222266.14,929549.81,292716.33,8,23.948657368517143
2025-03-31,1221726.09,965592.46,256133.63,7,20.964898113946308
2025-04-01,1221671.11,928885.68,292785.43,8,23.96597804461464
2025-04-02,1221616.13,892180.65,329435.48,9,26.967184855360415
2025-04-03,1217224.79,1034250.21,182974.58,5,15.032110872470811
2025-04-04,1209667.76,1173151.03,36516.74,1,3.018741278183689
2025-04-07,1207792.56,1171502.51,36290.05,1,3.004659177566055
2025-04-08,1206489.23,1206489.23,0.0,0,0.0
2025-04-09,1206489.23,1206489.23,0.0,0,0.0
2025-04-10,1206489.23,1206489.23,0.0,0,0.0
2025-04-11,1206489.23,1206489.23,0.0,0,0.0
2025-04-14,1206489.23,1206489.23,0.0,0,0.0
2025-04-15,1206489.23,1206489.23,0.0,0,0.0
2025-04-16,1206489.23,1206489.23,0.0,0,0.0
2025-04-17,1206489.23,1206489.23,0.0,0,0.0
2025-04-18,1206489.23,1206489.23,0.0,0,0.0
2025-04-21,1206489.23,1206489.23,0.0,0,0.0
2025-04-22,1206489.23,1206489.23,0.0,0,0.0
2025-04-23,1206489.23,1206489.23,0.0,0,0.0
2025-04-24,1206489.23,1206489.23,0.0,0,0.0
2025-04-25,1206489.23,1206489.23,0.0,0,0.0
2025-04-28,1206489.23,1206489.23,0.0,0,0.0
2025-04-29,1206489.23,1206489.23,0.0,0,0.0
2025-04-30,1206489.23,1206489.23,0.0,0,0.0
2025-05-01,1206489.23,1206489.23,0.0,0,0.0
2025-05-02,1206489.23,1206489.23,0.0,0,0.0
2025-05-05,1206434.94,1170240.26,36194.68,1,3.0001352580189695
2025-05-06,1205460.65,1133072.93,72387.72,2,6.004984069782784
2025-05-07,1205460.65,1133072.93,72387.72,2,6.004984069782784
2025-05-08,1205460.65,1133072.93,72387.72,2,6.004984069782784
2025-05-09,1205406.41,1096854.9,108551.51,3,9.005386822192193
2025-05-12,1203088.4,1130731.57,72356.83,2,6.014257140206822
2025-05-13,1206539.71,1098190.64,108349.06,3,8.980148693158222
2025-05-14,1206431.12,1025689.65,180741.47,5,14.981499316761655
2025-05-15,1206322.54,953195.17,253127.37,7,20.983390561532573
2025-05-16,1206322.54,953195.17,253127.37,7,20.983390561532573
2025-05-19,1206213.97,880707.25,325506.72,9,26.985819108031055
2025-05-20,1206159.69,844466.51,361693.18,10,29.98717193077477
2025-05-21,1206021.18,880420.61,325600.57,9,26.997914746406032
2025-05-22,1209580.76,920173.15,289407.61,8,23.926274257206273
2025-05-23,1211622.09,958280.52,253341.58,7,20.909290288690592
2025-05-26,1211622.09,958280.52,253341.58,7,20.909290288690592
2025-05-27,1211622.09,958280.52,253341.58,7,20.909290288690592
2025-05-28,1213614.47,996365.56,217248.91,6,17.900982179291255
2025-05-29,1210593.01,1065736.51,144856.5,4,11.965747266292244
2025-05-30,1210172.82,1065191.48,144981.34,4,11.980217833680976
2025-06-02,1213514.24,959501.98,254012.26,7,20.931955442072113
2025-06-03,1213514.24,959501.98,254012.26,7,20.931955442072113
2025-06-04,1213324.9,959093.68,254231.22,7,20.953268164199056
2025-06-05,1213270.3,922639.29,290631.01,8,23.95434966140686
2025-06-06,1216840.91,962515.06,254325.85,7,20.900501282456062
2025-06-09,1226071.52,1007633.03,218438.49,6,17.81612951910016
2025-06-10,1225850.83,860283.75,365567.08,10,29.821497938701075
2025-06-11,1229421.43,900159.45,329261.98,9,26.781864376644222
2025-06-12,1229310.78,826283.52,403027.27,11,32.78481540689003
2025-06-13,1229784.69,862603.9,367180.79,10,29.85732323598857
2025-06-16,1229729.35,825655.01,404074.34,11,32.85880263002587
2025-06-17,1233236.2,792160.23,441075.97,12,35.76573327964262
2025-06-18,1229855.34,861690.0,368165.34,10,29.935662189343343
2025-06-19,1229855.34,861690.0,368165.34,10,29.935662189343343
2025-06-20,1236158.71,977924.81,258233.9,7,20.89002794794853
2025-06-23,1235713.7,680801.6,554912.09,15,44.90620197866221
2025-06-24,1233603.72,715396.39,518207.33,14,42.007601111968114
2025-06-25,1233381.67,567141.98,666239.69,18,54.01731728346506
2025-06-26,1236917.95,533760.12,703157.84,19,56.8475734384807
2025-06-27,1244552.61,615256.12,629296.49,17,50.5640729804102
2025-06-30,1256208.99,663493.68,592715.32,16,47.18285927885295
2025-07-01,1258184.38,626386.89,631797.49,17,50.21501618069683
2025-07-02,1257676.23,625025.08,632651.15,17,50.30318097051099
2025-07-03,1262171.44,628685.63,633485.8,17,50.19015483348285
2025-07-04,1262171.44,628685.63,633485.8,17,50.19015483348285
2025-07-07,1260802.7,664033.68,596769.01,16,47.33246605515677
2025-07-08,1264613.6,741917.37,522696.24,14,41.3324860653088
2025-07-09,1265572.26,666132.16,599440.1,16,47.365142153163184
2025-07-10,1268448.34,892516.44,375931.9,10,29.63714706741624
2025-07-11,1270453.32,893469.44,376983.88,10,29.673178389584592
2025-07-14,1268222.96,928346.61,339876.34,9,26.799415459250163
2025-07-15,1274203.07,932913.23,341289.84,9,26.784572101211467
2025-07-16,1271853.99,1006074.54,265779.45,7,20.897009569471102
2025-07-17,1271510.59,776797.49,494713.1,13,38.90750921704867
2025-07-18,1271453.37,738594.95,532858.42,14,41.909395387421874
2025-07-21,1271338.94,662193.22,609145.72,16,47.91371528351047
2025-07-22,1268255.72,849447.66,418808.06,11,33.02236712955649
2025-07-23,1267588.56,848452.74,419135.82,11,33.065604504982275
2025-07-24,1266348.89,657074.66,609274.22,16,48.11266664434001
2025-07-25,1266348.89,657074.66,609274.22,16,48.11266664434001
2025-07-28,1266291.9,619027.22,647264.68,17,51.1149664623141
2025-07-29,1263314.66,730347.66,532967.0,14,42.18798505829102
2025-07-30,1263333.77,730514.98,532818.78,14,42.175614445895796
2025-07-31,1267905.25,849796.89,418108.36,11,32.97630954678987
2025-08-01,1250979.21,870773.67,380205.55,10,30.392635382006066
2025-08-04,1250641.45,645259.54,605381.9,16,48.40571212476606
2025-08-05,1250528.89,570108.39,680420.5,18,54.41061821450602
2025-08-06,1242301.0,638338.37,603962.63,16,48.61644883164386
2025-08-07,1235486.1,745866.98,489619.13,13,39.629675315651056
2025-08-08,1235430.51,708746.78,526683.72,14,42.631594066751674
2025-08-11,1235430.51,708746.78,526683.72,14,42.631594066751674
2025-08-12,1239064.6,712833.85,526230.74,14,42.47000035349246
2025-08-13,1244437.94,757109.59,487328.35,13,39.16051852292449
2025-08-14,1242418.12,755275.98,487142.15,13,39.20919553233818
2025-08-15,1246533.88,835712.79,410821.1,11,32.95707454016412
2025-08-18,1248898.17,988327.98,260570.18,7,20.86400526954091
2025-08-19,1244049.05,908008.78,336040.27,9,27.011818384492152
2025-08-20,1239761.92,1052722.13,187039.79,5,15.086750688390238
2025-08-21,1239538.76,903727.49,335811.27,9,27.09163124515768
2025-08-22,1239538.76,903727.49,335811.27,9,27.09163124515768
2025-08-25,1239204.09,680275.87,558928.22,15,45.10380691206401
2025-08-26,1239204.09,680275.87,558928.22,15,45.10380691206401
2025-08-27,1239821.33,718065.08,521756.25,14,42.08318064668237
2025-08-28,1239821.33,718065.08,521756.25,14,42.08318064668237
2025-08-29,1240490.3,718997.91,521492.4,14,42.03921626795469
2025-09-01,1240490.3,718997.91,521492.4,14,42.03921626795469
2025-09-02,1234152.79,861685.94,372466.85,10,30.179962563630387
2025-09-03,1239254.16,719735.37,519518.79,14,41.921891954754464
2025-09-04,1236711.39,642854.28,593857.11,16,48.01905398477813
2025-09-05,1237324.61,606571.01,630753.6,17,50.97721284311964
2025-09-08,1237157.57,495044.68,742112.89,20,59.98531698755236
2025-09-09,1236683.07,569085.38,667597.69,18,53.98292466314752
2025-09-10,1239414.54,608919.53,630495.01,17,50.87038998267682
2025-09-11,1244010.45,501905.52,742104.93,20,59.65423602349965
2025-09-12,1243898.49,427152.88,816745.61,22,65.66014964774175
2025-09-15,1251149.66,471384.41,779765.25,21,62.32389896505267
2025-09-16,1250868.15,283430.58,967437.57,26,77.34129052690326
2025-09-17,1256178.85,548208.98,707969.88,19,56.359003337781076
2025-09-18,1264711.36,667837.92,596873.44,16,47.194439686222154
2025-09-19,1264591.77,439230.31,825361.46,22,65.2670276353293
2025-09-22,1269078.36,404557.92,864520.43,23,68.12191092754902
2025-09-23,1276611.35,598309.54,678301.81,18,53.13299227678024
2025-09-24,1277824.93,596544.44,681280.49,18,53.315636125521515
2025-09-25,1278250.82,631917.68,646333.14,17,50.563874467140955
2025-09-26,1278920.17,632537.85,646382.32,17,50.54125622242708
2025-09-29,1282963.66,673472.11,609491.55,16,47.50653264800969
2025-09-30,1286721.81,828814.54,457907.27,12,35.58712275188683
2025-10-01,1283968.86,825794.56,458174.3,12,35.684222123580156
2025-10-02,1281511.4,784236.69,497274.71,13,38.80376795711689
2025-10-03,1291898.66,907997.26,383901.41,10,29.716062249031204
2025-10-06,1299859.7,991975.45,307884.25,8,23.685960107848565
2025-10-07,1298290.7,1028154.37,270136.33,7,20.807075795890707
2025-10-08,1300969.33,991233.89,309735.44,8,23.808050878493805
2025-10-09,1300676.61,795795.87,504880.74,13,38.81677706190165
2025-10-10,1294445.58,828339.34,466106.24,12,36.00817579368613
2025-10-13,1294190.0,827956.48,466233.52,12,36.02512150457043
2025-10-14,1289112.84,784145.17,504967.67,13,39.17171983175654
2025-10-15,1288662.31,628929.46,659732.85,17,51.195169198360425
2025-10-16,1285013.47,702983.04,582030.43,15,45.29372209615827
2025-10-17,1284737.29,741825.87,542911.42,14,42.25855544365806
2025-10-20,1281899.63,584828.09,697071.54,18,54.378012418959834
2025-10-21,1283440.33,625936.68,657503.64,17,51.22977863723512
2025-10-22,1284915.18,628179.4,656735.78,17,51.111216539600704
2025-10-23,1284741.72,512363.62,772378.09,20,60.11932810899921
2025-10-24,1288475.04,516102.12,772372.92,20,59.94473280599988
2025-10-27,1300204.69,682874.54,617330.15,16,47.47945879198452
2025-10-28,1305407.78,570414.7,734993.08,19,56.303715303428014
2025-10-29,1309912.85,768004.62,541908.22,14,41.369791891117025
2025-10-30,1310427.48,649580.46,660847.02,17,50.42988109498437
2025-10-31,1309323.83,726629.7,582694.13,15,44.50343884751567
2025-11-03,1310756.58,725849.52,584907.05,15,44.62362111506623
2025-11-04,1301001.54,714081.15,586920.39,15,45.112966584190204
2025-11-05,1296204.87,669785.74,626419.13,16,48.327169917206064
2025-11-06,1294092.65,668533.3,625559.36,16,48.33961154172385
2025-11-07,1287253.92,740817.89,546436.03,14,42.44974682228973
2025-11-10,1286848.44,470088.84,816759.59,21,63.46975794600955
2025-11-11,1288164.58,510411.19,777753.39,20,60.37686504312981
2025-11-12,1293486.51,555233.65,738252.86,19,57.07464703284768
2025-11-13,1289480.73,746134.88,543345.85,14,42.136794863153945
2025-11-14,1282283.87,817275.37,465008.5,12,36.264084020646685
2025-11-17,1275714.44,850701.54,425012.9,11,33.31567682184424
2025-11-18,1271419.55,924241.87,347177.68,9,27.306303414950634
2025-11-19,1272767.97,926477.72,346290.25,9,27.20764963939185
2025-11-20,1267154.06,922018.46,345135.6,9,27.237066975107982
2025-11-21,1262038.27,994442.88,267595.4,7,21.203429908666717
2025-11-24,1260437.43,993598.46,266838.97,7,21.17034639315654
2025-11-25,1260097.12,766379.6,493717.52,13,39.18091011905494
2025-11-26,1260040.41,728519.96,531520.45,14,42.18280983544012
2025-11-27,1260040.41,728519.96,531520.45,14,42.18280983544012
2025-11-28,1259983.71,690662.03,569321.68,15,45.184844492949836
2025-12-01,1258143.76,726683.27,531460.48,14,42.24163381774432
2025-12-02,1261806.05,730414.29,531391.76,14,42.113584730394976
2025-12-03,1268650.05,775488.65,493161.4,13,38.87292638344199
2025-12-04,1270371.1,777292.77,493078.33,13,38.81372380086417
2025-12-05,1272735.73,817984.24,454751.49,12,35.730236786862264
2025-12-08,1275776.67,820857.8,454918.87,12,35.65819008118404
2025-12-09,1273540.05,779887.73,493652.32,13,38.76221403480793
2025-12-10,1280441.21,938082.32,342358.89,9,26.737571965525852
2025-12-11,1282233.21,900850.69,381382.51,10,29.743615047998954
2025-12-12,1279325.11,1012216.62,267108.49,7,20.878859322944106
2025-12-15,1279209.97,935341.88,343868.09,9,26.881285954955462
2025-12-16,1278683.97,1010742.23,267941.74,7,20.954492766496475
2025-12-17,1274522.55,1044711.25,229811.3,6,18.03116782829774
2025-12-18,1274465.19,1006418.22,268046.97,7,21.032113870446313
2025-12-19,1276020.13,1007850.36,268169.78,7,21.016108891636375
2025-12-22,1275618.19,739484.42,536133.77,14,42.02932932463123
2025-12-23,1279202.64,781346.89,497855.75,13,38.919224713294845
2025-12-24,1279145.08,742913.35,536231.73,14,41.92110327313301
2025-12-25,1279145.08,742913.35,536231.73,14,41.92110327313301
2025-12-26,1279669.85,666728.55,612941.3,16,47.898393480162085
2025-12-29,1279669.85,666728.55,612941.3,16,47.898393480162085
2025-12-30,1278551.72,665600.09,612951.63,16,47.941089938856756
2025-12-31,1278551.72,665600.09,612951.63,16,47.941089938856756
2026-01-01,1278551.72,665600.09,612951.63,16,47.941089938856756
2026-01-02,1278547.29,703956.19,574591.1,15,44.94093448823469
2026-01-05,1285841.55,749503.86,536337.69,14,41.71102497037834
2026-01-06,1285947.85,556097.77,729850.08,19,56.75580701036982
2026-01-07,1292352.2,599287.13,693065.06,18,53.62818742444978
2026-01-08,1294454.7,639068.28,655386.42,17,50.630309426818876
2026-01-09,1293677.09,560365.03,733312.05,19,56.68431911397611
2026-01-12,1291701.33,518475.12,773226.21,20,59.86106788323892
2026-01-13,1290128.62,478233.95,811894.67,21,62.93129672605821
2026-01-14,1299819.62,642408.76,657410.85,17,50.577083149429605
2026-01-15,1305240.81,607775.92,697464.89,18,53.43572501383863
2026-01-16,1305182.07,568559.95,736622.12,19,56.438265352511316
2026-01-19,1305182.07,568559.95,736622.12,19,56.438265352511316
2026-01-20,1304414.11,448370.72,856043.39,22,65.62665823969046
2026-01-21,1308773.39,374511.2,934262.19,24,71.38456490164428
2026-01-22,1317097.31,458854.3,858243.01,22,65.1617009224626
2026-01-23,1314045.44,494215.61,819829.83,21,62.389762564070836
2026-01-26,1316084.81,494790.39,821294.42,21,62.40436890993371
2026-01-27,1321349.4,538050.42,783298.98,20,59.280231254503924
2026-01-28,1328680.38,583085.19,745595.19,19,56.11546623424965
2026-01-29,1333498.72,625394.21,708104.51,18,53.10125157075517
2026-01-30,1327652.03,536499.66,791152.37,20,59.590340851585935
2026-02-02,1326160.44,614086.98,712073.46,18,53.694367477889784
2026-02-03,1329565.89,536361.81,793204.08,20,59.6588770790442
2026-02-04,1325917.99,888449.67,437468.33,11,32.99361900957389
2026-02-05,1320944.91,763273.44,557671.47,14,42.21761753864512
2026-02-06,1320885.47,723585.71,597299.75,15,45.21964724163405
2026-02-09,1320647.71,564841.75,755805.96,19,57.22994514562858
2026-02-10,1320667.7,565027.11,755640.58,19,57.216556443380874
2026-02-11,1324057.49,687839.91,636217.58,16,48.05060088440721
2026-02-12,1332692.38,895233.09,437459.29,11,32.82522632867459
2026-02-13,1334767.38,936984.73,397782.65,10,29.801646036629997
2026-02-16,1334767.38,936984.73,397782.65,10,29.801646036629997
2026-02-17,1334666.29,856381.16,478285.13,12,35.835559314231276
2026-02-18,1338951.37,940228.6,398722.77,10,29.77873423438821
2026-02-19,1345749.37,946166.07,399583.31,10,29.69225317192606
2026-02-20,1345567.7,824866.95,520700.75,13,38.697476908817
2026-02-23,1345567.7,824866.95,520700.75,13,38.697476908817
2026-02-24,1347197.21,865477.83,481719.38,12,35.7571539210655
2026-02-25,1346854.35,864338.51,482515.84,12,35.82539121620686
2026-02-26,1344291.23,902147.87,442143.37,11,32.890445175336005
2026-02-27,1339938.66,937890.75,402047.91,10,30.004948883257086
2026-03-02,1340791.55,938526.24,402265.31,10,30.002076758314892
2026-03-03,1341410.42,898632.97,442777.45,11,33.008350270605476
2026-03-04,1343442.15,779950.46,563491.68,14,41.94387380208371
2026-03-05,1339556.87,776049.47,563507.4,14,42.066702252066385
2026-03-06,1339356.22,896798.58,442557.65,11,33.04256503172846
2026-03-09,1335707.52,893254.49,442453.02,11,33.12499281279782
2026-03-10,1335647.41,853123.17,482524.24,12,36.12661817687349
2026-03-11,1335647.41,853123.17,482524.24,12,36.12661817687349
2026-03-12,1335527.2,772864.11,562663.1,14,42.13041112154062
2026-03-13,1330091.89,847960.21,482131.68,12,36.2479978732898
2026-03-16,1326940.4,925072.68,401867.73,10,30.28528862336244
2026-03-17,1325110.03,1003689.82,321420.21,8,24.256114792218426
2026-03-18,1327441.94,1046264.03,281177.91,7,21.181936590010107
2026-03-19,1320252.75,1200042.68,120210.07,3,9.105080068948919
2026-03-20,1320193.34,1160375.66,159817.68,4,12.105626892497426
2026-03-23,1320015.11,1041379.99,278635.12,7,21.108479583995063
2026-03-24,1327732.55,1049573.61,278158.94,7,20.949922482505983
2026-03-25,1327553.3,929898.39,397654.92,10,29.953970209708338
2026-03-26,1324283.45,1006540.99,317742.46,8,23.9935385434289
2026-03-27,1321731.28,1083421.29,238310.0,6,18.0301399842788
2026-03-30,1325567.21,1087212.84,238354.37,6,17.98131156246691
2026-03-31,1327110.23,1128361.67,198748.56,5,14.976040083723866
2026-04-01,1323803.62,1125055.06,198748.56,5,15.013447387309606
2026-04-02,1323744.05,1085281.35,238462.69,6,18.014259629722225
2026-04-03,1323744.05,1085281.35,238462.69,6,18.014259629722225
2026-04-06,1323684.48,1045509.39,278175.09,7,21.01521126847389
2026-04-07,1328868.66,1090240.85,238627.81,6,17.957215576142794
2026-04-08,1334027.09,1135113.41,198913.68,5,14.91076766664461
2026-04-09,1336668.52,1057335.66,279332.86,7,20.897691224148826
2026-04-10,1336158.53,1056552.35,279606.18,7,20.92612318988825
2026-04-13,1336158.53,1056552.35,279606.18,7,20.92612318988825
2026-04-14,1336098.4,1016407.46,319690.94,8,23.927200272075773
2026-04-15,1336098.4,1016407.46,319690.94,8,23.927200272075773
2026-04-16,1335817.55,815649.83,520167.72,13,38.94002740119711
2026-04-17,1328172.74,887684.58,440488.16,11,33.16497521248629
2026-04-20,1328053.21,807874.69,520178.52,13,39.16849988262142
2026-04-21,1325877.11,805567.51,520309.6,13,39.24267159269383
2026-04-22,1325817.45,765731.52,560085.93,14,42.244573715634836
2026-04-23,1338132.79,937908.14,400224.65,10,29.909187861691965
2026-04-24,1343852.64,1023443.37,320409.26,8,23.842588871946557
2026-04-27,1341215.33,899859.37,441355.96,11,32.907166368281814
2026-04-28,1339327.74,777189.81,562137.94,14,41.97164914989366
2026-04-29,1339327.74,777189.81,562137.94,14,41.97164914989366
2026-04-30,1343550.41,941857.36,401693.04,10,29.897876329031824
2026-05-01,1340233.34,857704.16,482529.19,12,36.00337162184012
2026-05-04,1341740.61,859240.9,482499.71,12,35.96072939910494
2026-05-05,1341680.23,818928.29,522751.94,13,38.962483631438765
2026-05-06,1343267.45,860291.84,482975.62,12,35.95528351409096
2026-05-07,1340984.62,737123.53,603861.09,15,45.031171945879585
2026-05-08,1338348.21,734470.1,603878.12,15,45.121151243591534
2026-05-11,1342358.7,778882.14,563476.57,14,41.976602081097994
2026-05-12,1351915.13,949503.64,402411.49,10,29.76603198456696
2026-05-13,1351915.13,949503.64,402411.49,10,29.76603198456696
2026-05-14,1355158.47,1032847.15,322311.32,8,23.784031693356127
2026-05-15,1356085.05,1032564.46,323520.59,8,23.856954252242513
2026-05-18,1356439.91,1031467.34,324972.57,8,23.957756447906345
2026-05-19,1352151.47,1067784.58,284366.89,7,21.030697840383226
2026-05-20,1350986.97,1066305.96,284681.02,7,21.072077401309063
2026-05-21,1350764.21,904117.66,446646.56,11,33.06621219998122
2026-05-22,1354766.38,948812.97,405953.42,10,29.96482832708028
2026-05-25,1354766.38,948812.97,405953.42,10,29.96482832708028
2026-05-26,1350632.97,985412.35,365220.62,9,27.040700776022074
2026-05-27,1350572.19,944832.58,405739.61,10,30.04205276876018
2026-05-28,1350572.19,944832.58,405739.61,10,30.04205276876018
2026-05-29,1345167.01,979946.39,365220.62,9,27.15057812784154
2026-06-01,1348926.01,862967.68,485958.32,12,36.02557267021636
2026-06-02,1351013.98,784318.81,566695.17,14,41.94591457891502
2026-06-03,1351622.64,987215.44,364407.2,9,26.960720338333488
2026-06-04,1356607.66,951552.11,405055.55,10,29.857973085600886
2026-06-05,1355613.03,1071653.27,283959.77,7,20.946963751152495
2026-06-08,1355552.03,1030923.92,324628.11,8,23.948037612396185
2026-06-09,1347834.79,1185764.99,162069.8,4,12.024455905311658
2026-06-10,1345495.05,1102555.14,242939.91,6,18.055801097150077
2026-06-11,1345434.5,1062129.72,283304.79,7,21.05675081172662
2026-06-12,1345252.87,940858.85,404394.02,10,30.060818231147874
2026-06-15,1339906.77,1056781.45,283125.32,7,21.13022535142501
2026-06-16,1338492.8,1055638.02,282854.78,7,21.1323348171914
2026-06-17,1338574.05,1096417.46,242156.59,6,18.09063831769337
2026-06-18,1342430.36,1060394.4,282035.96,7,21.00935500296641
2026-06-19,1342430.36,1060394.4,282035.96,7,21.00935500296641
2026-06-22,1339665.07,977007.67,362657.4,9,27.070751348320222
